Chidamber-Kemerer metrics,Mon, 18 May 2020 19:24:28 CEST,,,,,,,,
Class,CBO,CSOA,DIT,LCOM,MPC,NOC,OCavg,OPavg,RFC,WMC
oracle.jdbc.OracleConnection,2,58,0,56,0,0,1,0.96,56,56
oracle.jdbc.OracleStatement,2,1,0,1,0,0,1,1,1,1
oracle.jdbc.dcn.DatabaseChangeEvent,2,0,0,0,0,0,n/a,0,0,0
oracle.jdbc.dcn.DatabaseChangeListener,n/a,n/a,n/a,n/a,n/a,n/a,n/a,n/a,1,n/a
oracle.jdbc.dcn.DatabaseChangeRegistration,4,1,0,1,0,0,1,1,1,1
oracle.jdbc.driver.OracleDriver,0,0,0,0,0,0,n/a,0,0,0
org.jabref.FallbackExceptionHandler,2,3,0,2,3,0,1,1,2,2
org.jabref.Globals,199,23,0,1,54,0,1.3,0,22,13
org.jabref.JabRefException,8,8,0,1,8,2,1.17,1.5,6,7
org.jabref.JabRefExecutorService,27,18,0,2,7,0,1.17,1.08,13,14
org.jabref.JabRefExecutorService.NamedRunnable,1,4,0,1,7,0,1,1,2,2
org.jabref.JabRefGUI,45,15,0,1,136,0,4.5,0.62,44,36
org.jabref.JabRefMain,26,6,0,1,77,0,3,0.75,59,12
org.jabref.architecture.ApacheCommonsLang3Allowed,n/a,n/a,n/a,n/a,n/a,n/a,n/a,n/a,1,n/a
org.jabref.cli.ArgumentProcessor,52,25,0,2,330,0,3.95,0.85,128,79
org.jabref.cli.ArgumentProcessor.Mode,3,2,n/a,0,n/a,n/a,n/a,0,0,0
org.jabref.cli.AuxCommandLine,7,4,0,1,7,0,1.5,1,8,3
org.jabref.cli.CrossrefFetcherEvaluator,11,2,0,1,39,0,2.67,0.5,9,8
org.jabref.cli.GenerateCharacterTable,1,2,0,1,35,0,2,0.5,2,4
org.jabref.cli.ImportInspectionCommandLine,7,7,0,1,8,0,1.33,1.67,6,4
org.jabref.cli.JabRefCLI,6,38,0,4,163,0,1,0.03,57,35
org.jabref.cli.SystemOutputPrinter,3,6,0,3,3,0,1,1.67,3,3
org.jabref.gui.AbstractController,12,5,0,2,1,8,1,0.33,3,3
org.jabref.gui.AbstractDialogView,7,7,1,1,n/a,6,1,0.33,5,2
org.jabref.gui.AbstractView,15,4,0,1,18,3,1.5,0.25,5,6
org.jabref.gui.AbstractViewModel,11,0,0,0,0,10,n/a,0,0,0
org.jabref.gui.BasePanel,243,132,0,7,18,0,2.4,0.45,315,257
org.jabref.gui.BasePanel.EntryRemovedListener,8,1,0,1,9,0,3,1,8,3
org.jabref.gui.BasePanel.GroupTreeListener,8,1,0,1,7,0,3,1,5,3
org.jabref.gui.BasePanel.OpenURLAction,9,2,0,1,45,0,7,0,10,7
org.jabref.gui.BasePanel.PrintPreviewAction,3,2,0,1,2,0,1,0,3,1
org.jabref.gui.BasePanel.RedoAction,7,2,0,1,10,0,1,0,9,1
org.jabref.gui.BasePanel.SaveSelectedAction,15,4,0,1,18,0,1.5,0.5,13,3
org.jabref.gui.BasePanel.SearchAndOpenFile,11,4,0,1,26,0,2.5,1,15,5
org.jabref.gui.BasePanel.SearchAutoCompleteListener,5,2,0,1,4,0,1,1,4,2
org.jabref.gui.BasePanel.SearchListener,6,3,0,1,8,0,1,1,6,3
org.jabref.gui.BasePanel.UndoAction,9,2,0,1,15,0,3,0,11,3
org.jabref.gui.BasePanelMode,5,4,n/a,0,n/a,n/a,n/a,0,0,0
org.jabref.gui.ClipBoardManager,24,10,0,2,30,0,1.57,0.86,16,11
org.jabref.gui.DefaultInjector,9,3,0,1,9,0,4.5,1.5,4,9
org.jabref.gui.Dialog,n/a,n/a,n/a,n/a,n/a,n/a,n/a,n/a,1,n/a
org.jabref.gui.DialogService,n/a,n/a,n/a,n/a,n/a,n/a,n/a,n/a,21,n/a
org.jabref.gui.DragAndDropDataFormats,3,3,0,0,0,0,n/a,0,0,0
org.jabref.gui.DragDropPane,2,4,0,0,12,1,4,0,2,12
org.jabref.gui.DragDropPane.MarkerPane,4,5,0,1,12,0,1,0.67,7,3
org.jabref.gui.DragDropPopupPane,2,7,1,1,8,0,1.33,1,2,4
org.jabref.gui.DuplicateResolverDialog,16,22,1,1,73,0,1.86,2,19,13
org.jabref.gui.DuplicateResolverDialog.DuplicateResolverResult,4,7,n/a,0,n/a,n/a,n/a,0,0,0
org.jabref.gui.DuplicateResolverDialog.DuplicateResolverType,4,4,n/a,0,n/a,n/a,n/a,0,0,0
org.jabref.gui.DuplicateSearch,16,5,0,1,4,0,6.33,0.5,17,19
org.jabref.gui.DuplicateSearch.DuplicateCallBack,7,11,0,1,4,0,1,1,7,4
org.jabref.gui.DuplicateSearch.SearcherRunnable,5,4,0,1,11,0,2,0,6,6
org.jabref.gui.EntryContainer,n/a,n/a,n/a,n/a,n/a,n/a,n/a,n/a,1,n/a
org.jabref.gui.EntryMarker,16,10,0,1,94,0,4.83,2,17,29
org.jabref.gui.EntryTypeDialog,22,26,1,2,74,0,1.78,0.5,24,16
org.jabref.gui.EntryTypeDialog.CancelAction,1,2,0,1,3,0,1,0.5,3,2
org.jabref.gui.EntryTypeDialog.FetcherWorker,16,6,0,1,74,0,4,0,26,8
org.jabref.gui.EntryTypeDialog.TypeButton,2,4,0,1,4,0,1,1,4,3
org.jabref.gui.FXDialog,12,11,0,3,63,0,1.33,1.7,13,16
org.jabref.gui.FXDialogService,39,42,0,10,94,0,1.05,1.82,32,23
org.jabref.gui.FindUnlinkedFilesDialog,28,81,1,2,2,0,1.97,1.17,50,67
org.jabref.gui.FindUnlinkedFilesDialog.BibtexEntryTypeWrapper,3,4,0,1,2,0,1.33,0.33,5,4
org.jabref.gui.FindUnlinkedFilesDialog.CheckableTreeNode,3,7,0,2,5,0,1.2,0.4,5,6
org.jabref.gui.FindUnlinkedFilesDialog.CheckboxTreeCellRenderer,3,2,0,1,15,0,3,7,4,3
org.jabref.gui.FindUnlinkedFilesDialog.FileNodeWrapper,3,5,0,0,2,0,1,1,3,3
org.jabref.gui.GUIGlobals,32,21,0,1,102,0,1.8,0.4,22,9
org.jabref.gui.GenFieldsCustomizer,13,27,1,1,93,0,1.83,0.2,22,11
org.jabref.gui.GlobalFocusListener,7,5,0,2,2,0,1.25,0.75,4,5
org.jabref.gui.IconTheme,88,16,0,3,14,0,1.38,0.62,11,11
org.jabref.gui.IconTheme.FontBasedIcon,8,11,0,1,14,0,1,1.25,10,8
org.jabref.gui.IconTheme.JabRefIcon,82,119,n/a,2,n/a,n/a,1,0.38,12,8
org.jabref.gui.JEditorPaneWithHighlighting,2,4,0,1,16,0,2,0.5,2,4
org.jabref.gui.JabRefDialog,38,9,0,1,18,37,1,2.67,10,9
org.jabref.gui.JabRefFrame,203,230,0,4,13,0,2.27,0.59,266,184
org.jabref.gui.JabRefFrame.BibtexKeyPatternAction,5,6,1,1,8,0,1.5,0.5,9,3
org.jabref.gui.JabRefFrame.ChangeTabAction,6,6,1,1,12,0,3.5,1,6,7
org.jabref.gui.JabRefFrame.CloseAction,6,5,1,1,9,0,1,0.5,8,2
org.jabref.gui.JabRefFrame.CloseAllDatabasesAction,3,4,1,1,2,0,2,1,2,2
org.jabref.gui.JabRefFrame.CloseDatabaseAction,8,5,1,1,11,0,1,0.5,11,2
org.jabref.gui.JabRefFrame.CloseOtherDatabasesAction,3,4,1,1,4,0,3,1,3,3
org.jabref.gui.JabRefFrame.CustomizeEntryTypeAction,4,5,1,1,4,0,1,0.5,5,2
org.jabref.gui.JabRefFrame.CustomizeExportsAction,4,5,1,1,3,0,1,0.5,5,2
org.jabref.gui.JabRefFrame.CustomizeImportsAction,4,5,1,1,3,0,1,0.5,5,2
org.jabref.gui.JabRefFrame.DatabasePropertiesAction,4,6,1,1,7,0,1.5,0.5,9,3
org.jabref.gui.JabRefFrame.DecreaseTableFontSizeAction,8,5,1,1,13,0,2,0.5,10,4
org.jabref.gui.JabRefFrame.DefaultTableFontSizeAction,9,5,1,1,13,0,1.5,0.5,11,3
org.jabref.gui.JabRefFrame.EditAction,4,6,1,1,13,0,1.5,3,6,3
org.jabref.gui.JabRefFrame.EditModeAction,5,3,0,1,25,0,1.67,0.33,13,5
org.jabref.gui.JabRefFrame.GenFieldsCustomizationAction,4,5,1,1,4,0,1,0.5,5,2
org.jabref.gui.JabRefFrame.GeneralAction,3,12,1,1,22,0,1.12,3.12,11,9
org.jabref.gui.JabRefFrame.IncreaseTableFontSizeAction,8,5,1,1,13,0,1.5,0.5,10,3
org.jabref.gui.JabRefFrame.MyGlassPane,1,2,0,1,4,0,1,0,2,2
org.jabref.gui.JabRefFrame.ProtectedTermsAction,4,5,1,1,3,0,1,0.5,6,2
org.jabref.gui.JabRefFrame.ShowPrefsAction,5,5,1,1,7,0,1,0.5,8,2
org.jabref.gui.JabRefFrame.ToolBar,4,7,1,1,13,0,3,1,4,6
org.jabref.gui.JabRefFrame.UndoRedoEventManager,5,3,0,1,13,0,1,1,9,3
org.jabref.gui.MergeDialog,7,28,1,1,48,0,1,0.43,10,8
org.jabref.gui.OSXCompatibleToolbar,10,5,0,1,5,1,1.4,1,5,7
org.jabref.gui.PreambleEditor,19,21,1,2,5,0,1,0.8,20,8
org.jabref.gui.PreambleEditor.CloseAction,4,2,0,1,5,0,1,0.5,5,2
org.jabref.gui.PreambleEditor.FieldListener,2,1,0,1,3,0,2,1,2,2
org.jabref.gui.PreambleEditor.RedoAction,5,2,0,1,4,0,1,0.5,4,2
org.jabref.gui.PreambleEditor.StoreFieldAction,8,2,0,1,15,0,2,0.5,12,4
org.jabref.gui.PreambleEditor.UndoAction,5,2,0,1,4,0,1,0.5,4,2
org.jabref.gui.PreviewPanel,38,33,0,1,167,0,1.6,0.6,44,32
org.jabref.gui.ReplaceStringDialog,10,25,1,3,87,0,1.86,1,15,13
org.jabref.gui.SaveOrderConfigDisplay,7,14,0,1,59,0,1,0.43,16,7
org.jabref.gui.SidePane,2,9,0,2,16,0,1.4,0.4,6,7
org.jabref.gui.SidePaneComponent,13,15,0,8,n/a,4,1,0.42,17,10
org.jabref.gui.SidePaneComponent.ToggleAction,10,8,1,3,23,0,1.4,2,13,7
org.jabref.gui.SidePaneManager,17,25,0,1,39,0,2.05,0.8,39,41
org.jabref.gui.SidePaneManager.PreferredIndexSort,2,3,0,1,7,0,1,1,3,2
org.jabref.gui.StateManager,17,14,0,4,21,0,1.1,0.5,11,11
org.jabref.gui.StringDialog,26,23,1,3,5,0,1.38,0.67,30,11
org.jabref.gui.StringDialog.CloseAction,3,2,0,1,5,0,1,0.5,4,2
org.jabref.gui.StringDialog.NewStringAction,10,3,0,1,27,0,3,1,13,6
org.jabref.gui.StringDialog.RedoAction,6,2,0,1,5,0,1,0.5,5,2
org.jabref.gui.StringDialog.RemoveStringAction,10,3,0,1,21,0,3.5,1,12,7
org.jabref.gui.StringDialog.SaveDatabaseAction,4,3,0,1,5,0,1,1,5,2
org.jabref.gui.StringDialog.StringTable,6,3,0,1,26,0,1,0.5,5,2
org.jabref.gui.StringDialog.StringTableModel,12,9,0,4,43,0,2.29,1.43,22,16
org.jabref.gui.StringDialog.UndoAction,6,2,0,1,5,0,1,0.5,5,2
org.jabref.gui.TransferableBibtexEntry,10,6,0,1,11,0,1.75,0.75,9,7
org.jabref.gui.UpdateTimestampListener,6,3,0,1,8,0,1.5,1,8,3
org.jabref.gui.WaitForSaveOperation,3,8,0,2,29,0,1.75,0.5,10,7
org.jabref.gui.WrapLayout,2,7,0,1,22,0,2.29,1.57,7,16
org.jabref.gui.actions.Actions,13,65,0,0,0,0,1,0,1,1
org.jabref.gui.actions.AutoLinkFilesAction,14,2,0,1,41,0,2.5,0.5,20,5
org.jabref.gui.actions.BaseAction,n/a,n/a,n/a,n/a,n/a,n/a,n/a,n/a,1,n/a
org.jabref.gui.actions.ChangeTypeAction,7,6,0,3,13,0,1.25,2.25,11,5
org.jabref.gui.actions.CleanupAction,16,20,1,1,57,0,3.67,1,35,22
org.jabref.gui.actions.ConnectToSharedDatabaseAction,4,6,1,1,6,0,1,1,7,2
org.jabref.gui.actions.CopyBibTeXKeyAndLinkAction,10,4,0,1,35,0,4,0.5,8,8
org.jabref.gui.actions.CopyDoiUrlAction,7,5,0,1,16,0,1.67,1,10,5
org.jabref.gui.actions.CopyVersionToClipboardAction,6,1,0,1,6,0,1,1,7,1
org.jabref.gui.actions.ErrorConsoleAction,3,2,0,1,6,0,1,0.5,5,2
org.jabref.gui.actions.IntegrityCheckAction,12,8,1,1,121,0,3,1,25,15
org.jabref.gui.actions.LookupIdentifierAction,5,8,1,1,6,0,1,1.5,7,2
org.jabref.gui.actions.ManageKeywordsAction,17,17,1,1,172,0,3.7,1,46,37
org.jabref.gui.actions.MassSetFieldAction,13,25,1,1,197,0,3.89,1.88,38,35
org.jabref.gui.actions.MnemonicAwareAction,39,3,0,1,n/a,38,2,1,4,6
org.jabref.gui.actions.NewDatabaseAction,8,7,1,1,13,0,1,1.5,13,2
org.jabref.gui.actions.NewEntryAction,12,11,1,1,32,0,1.6,1.8,21,8
org.jabref.gui.actions.NewSubDatabaseAction,11,6,1,1,15,0,1.5,1,17,3
org.jabref.gui.actions.OpenBrowserAction,2,4,0,1,6,0,1,3,4,3
org.jabref.gui.actions.SearchForUpdateAction,3,2,0,1,3,0,1,0.5,4,2
org.jabref.gui.actions.SortTabsAction,4,7,1,2,15,0,1.67,1.33,9,5
org.jabref.gui.autocompleter.AppendPersonNamesStrategy,3,8,1,1,1,0,1.33,0.33,3,4
org.jabref.gui.autocompleter.AppendWordsStrategy,4,4,0,1,8,1,1.33,1,4,4
org.jabref.gui.autocompleter.AutoCompleteFirstNameMode,5,4,n/a,1,n/a,n/a,1,1,2,1
org.jabref.gui.autocompleter.AutoCompletePreferences,10,21,0,6,6,0,1,0.86,14,14
org.jabref.gui.autocompleter.AutoCompleteSuggestionProvider,n/a,n/a,n/a,n/a,n/a,n/a,n/a,n/a,1,n/a
org.jabref.gui.autocompleter.AutoCompleteUpdater,5,4,0,1,4,0,1,1,5,3
org.jabref.gui.autocompleter.AutoCompletionInput,4,5,0,2,0,0,1,0.67,3,3
org.jabref.gui.autocompleter.AutoCompletionStrategy,n/a,n/a,n/a,n/a,n/a,n/a,n/a,n/a,1,n/a
org.jabref.gui.autocompleter.AutoCompletionTextInputBinding,8,18,0,5,40,0,1.4,1.85,16,21
org.jabref.gui.autocompleter.BibEntrySuggestionProvider,5,12,1,3,8,0,1.33,1,6,4
org.jabref.gui.autocompleter.ContentSelectorSuggestionProvider,4,6,0,1,4,0,1.33,1.33,4,4
org.jabref.gui.autocompleter.FieldValueSuggestionProvider,4,16,2,1,5,1,1.5,1,3,3
org.jabref.gui.autocompleter.JournalsSuggestionProvider,7,17,3,0,9,0,1,3,5,1
org.jabref.gui.autocompleter.PersonNameStringConverter,6,7,0,1,12,0,4,1.5,12,16
org.jabref.gui.autocompleter.PersonNameSuggestionProvider,8,16,1,3,16,0,1.6,1,10,8
org.jabref.gui.autocompleter.ReplaceStrategy,3,2,0,1,0,0,1,1,2,1
org.jabref.gui.autocompleter.StringSuggestionProvider,3,12,1,2,5,2,1,0.67,3,3
org.jabref.gui.autocompleter.SuggestionProvider,4,10,0,2,n/a,4,1.5,1,9,9
org.jabref.gui.autocompleter.SuggestionProvider.SuggestionProviderString,1,13,1,2,9,0,1.4,1,3,7
org.jabref.gui.autocompleter.SuggestionProviders,22,7,0,2,16,0,2,1.33,13,12
org.jabref.gui.autocompleter.WordSuggestionProvider,4,17,2,1,6,0,2,1,3,4
org.jabref.gui.auximport.AuxParserResultViewModel,5,3,0,1,47,0,2.5,1,12,5
org.jabref.gui.auximport.FromAuxDialog,20,28,1,1,124,0,1.71,0.67,34,12
org.jabref.gui.bibtexkeypattern.BibtexKeyPatternDialog,12,16,1,2,38,0,1.2,1,17,6
org.jabref.gui.bibtexkeypattern.BibtexKeyPatternPanel,17,14,0,1,99,1,2.12,1.12,26,17
org.jabref.gui.bibtexkeypattern.ResolveDuplicateLabelDialog,9,9,0,3,55,0,1.17,0.6,20,7
org.jabref.gui.bibtexkeypattern.SearchFixDuplicateLabels,13,14,1,1,45,0,3.5,0.25,24,14
org.jabref.gui.cleanup.CleanupActionsListModel,3,11,0,1,16,0,1.56,0.78,10,14
org.jabref.gui.cleanup.CleanupPresetPanel,10,19,0,1,104,0,3.2,0.6,28,16
org.jabref.gui.cleanup.FieldFormatterCleanupsPanel,19,26,0,1,10,0,1.61,0.46,44,29
org.jabref.gui.cleanup.FieldFormatterCleanupsPanel.EnablementStatusListener,1,3,0,1,10,0,1,1,3,3
org.jabref.gui.collab.ChangeDisplayDialog,8,20,1,2,56,0,3,1.5,16,12
org.jabref.gui.collab.ChangeScanner,40,17,0,1,110,0,1.88,1.12,52,15
org.jabref.gui.collab.ChangeScanner.DisplayResultCallback,n/a,n/a,n/a,n/a,n/a,n/a,n/a,n/a,1,n/a
org.jabref.gui.collab.ChangeViewModel,16,10,0,3,n/a,11,1.17,0.62,8,7
org.jabref.gui.collab.DatabaseChangeMonitor,10,18,0,1,55,0,1.67,0.44,26,15
org.jabref.gui.collab.EntryAddChangeViewModel,11,15,1,2,11,0,1,1.33,14,3
org.jabref.gui.collab.EntryChangeViewModel,9,14,1,2,37,0,3.33,2,13,10
org.jabref.gui.collab.EntryChangeViewModel.FieldChangeViewModel,9,20,1,2,37,0,2.67,3,10,8
org.jabref.gui.collab.EntryDeleteChangeViewModel,11,17,1,2,14,0,1,1.67,14,3
org.jabref.gui.collab.FileUpdatePanel,11,25,1,4,18,0,1.14,0.86,14,8
org.jabref.gui.collab.GroupChangeViewModel,14,15,1,1,37,0,3.67,1.33,23,11
org.jabref.gui.collab.InfoPane,6,2,0,1,4,0,1,0.5,2,2
org.jabref.gui.collab.MetaDataChangeViewModel,10,17,1,2,7,0,1,1.67,9,3
org.jabref.gui.collab.PreambleChangeViewModel,10,17,1,2,32,0,1.67,1.67,12,5
org.jabref.gui.collab.StringAddChangeViewModel,10,17,1,2,28,0,1.33,1.33,14,4
org.jabref.gui.collab.StringChangeViewModel,11,20,1,2,46,0,2,2,15,6
org.jabref.gui.collab.StringNameChangeViewModel,10,19,1,1,19,0,2,2.33,15,6
org.jabref.gui.collab.StringRemoveChangeViewModel,9,18,1,2,20,0,1,1.67,13,3
org.jabref.gui.contentselector.ContentSelectorDialog,13,49,1,1,15,0,4.2,0.78,25,42
org.jabref.gui.contentselector.ContentSelectorDialog.FieldNameFocusAdapter,1,1,0,1,15,0,3,1,4,3
org.jabref.gui.copyfiles.CopyFilesAction,18,7,0,1,27,0,1.25,0.75,18,5
org.jabref.gui.copyfiles.CopyFilesDialogController,5,13,1,2,24,0,1.67,0.33,9,5
org.jabref.gui.copyfiles.CopyFilesDialogView,7,10,2,2,9,0,1,1.33,6,3
org.jabref.gui.copyfiles.CopyFilesDialogViewModel,4,3,1,1,3,0,1,0.5,3,2
org.jabref.gui.copyfiles.CopyFilesResultItemViewModel,5,8,0,3,6,0,1.2,0.6,5,6
org.jabref.gui.copyfiles.CopyFilesResultListDependency,5,5,0,1,0,0,1,0.25,4,4
org.jabref.gui.copyfiles.CopyFilesTask,11,18,0,1,59,0,1.75,2.25,10,7
org.jabref.gui.customentrytypes.CustomEntryTypesManager,7,3,0,1,9,0,1,1,5,3
org.jabref.gui.customentrytypes.EntryCustomizationDialog,23,33,1,1,6,0,5.12,0.57,43,41
org.jabref.gui.customentrytypes.EntryCustomizationDialog.DataListener,2,4,0,1,6,0,1.25,0.75,5,5
org.jabref.gui.customentrytypes.EntryCustomizationDialog.DefaultListener,4,1,0,1,16,0,6,1,4,6
org.jabref.gui.customentrytypes.EntryTypeList,12,40,1,2,48,0,2.29,1.14,15,16
org.jabref.gui.customentrytypes.FieldSetComponent,11,31,0,2,2,1,2.38,1.62,21,38
org.jabref.gui.customentrytypes.FieldSetComponent.FieldListFocusListener,1,4,0,2,2,0,1.33,1,3,4
org.jabref.gui.customjfx.CustomJFXPanel,14,7,0,2,22,0,1.8,0.6,5,9
org.jabref.gui.dbproperties.DatabasePropertiesDialog,23,35,1,1,217,0,2.27,0.3,66,25
org.jabref.gui.desktop.JabRefDesktop,52,16,0,4,147,0,3.31,1.69,56,43
org.jabref.gui.desktop.os.DefaultDesktop,2,16,0,7,12,0,1,1.43,8,7
org.jabref.gui.desktop.os.Linux,6,15,0,5,53,0,2.29,1.43,11,16
org.jabref.gui.desktop.os.NativeDesktop,n/a,n/a,n/a,n/a,n/a,n/a,n/a,n/a,8,n/a
org.jabref.gui.desktop.os.OSX,4,15,0,6,21,0,1.29,1.43,9,9
org.jabref.gui.desktop.os.Windows,6,16,0,5,39,0,1.86,1.43,12,13
org.jabref.gui.dialogs.AutosaveUIManager,4,4,0,1,3,0,1,1,4,2
org.jabref.gui.dialogs.BackupUIManager,4,2,0,1,14,0,1.5,1,4,3
org.jabref.gui.documentviewer.DocumentPageViewModel,5,3,0,3,n/a,1,n/a,0.67,3,0
org.jabref.gui.documentviewer.DocumentViewModel,4,4,0,2,n/a,1,1,0,3,2
org.jabref.gui.documentviewer.DocumentViewerControl,6,18,0,1,44,0,1.5,0.58,18,18
org.jabref.gui.documentviewer.DocumentViewerControl.DocumentViewerPage,5,13,0,2,44,0,1,0.33,17,9
org.jabref.gui.documentviewer.DocumentViewerController,8,26,1,1,52,0,1.08,0.5,32,13
org.jabref.gui.documentviewer.DocumentViewerView,5,8,2,1,7,0,1,0,3,1
org.jabref.gui.documentviewer.DocumentViewerViewModel,9,20,1,5,37,0,1.29,0.36,20,18
org.jabref.gui.documentviewer.PageDimension,4,6,0,4,n/a,2,1,1,8,4
org.jabref.gui.documentviewer.PageDimension.FixedHeightPageDimension,1,6,1,1,0,0,1,1,3,3
org.jabref.gui.documentviewer.PageDimension.FixedWidthPageDimension,1,6,1,1,0,0,1,1,3,3
org.jabref.gui.documentviewer.PdfDocumentPageViewModel,2,11,1,2,11,0,1,1.6,8,5
org.jabref.gui.documentviewer.PdfDocumentViewModel,4,7,1,1,10,0,1.5,0.5,7,3
org.jabref.gui.documentviewer.ShowDocumentViewerAction,6,6,1,1,9,0,1,1.33,9,3
org.jabref.gui.entryeditor.DeprecatedFieldsTab,9,27,2,1,8,0,1,2.5,6,2
org.jabref.gui.entryeditor.EntryEditor,39,26,0,1,139,0,2.14,0.29,65,30
org.jabref.gui.entryeditor.EntryEditorTab,8,6,0,2,n/a,5,1.5,0.75,6,3
org.jabref.gui.entryeditor.EntryEditorTabList,5,7,0,1,19,0,1.6,0.4,7,8
org.jabref.gui.entryeditor.FieldsEditorTab,25,27,1,3,n/a,6,2.15,1.79,24,28
org.jabref.gui.entryeditor.MathSciNetTab,6,11,1,1,25,0,1.2,0.8,7,6
org.jabref.gui.entryeditor.OptionalFields2Tab,9,27,2,1,8,0,1,2.5,6,2
org.jabref.gui.entryeditor.OptionalFieldsTab,9,27,2,1,8,0,1,2.5,6,2
org.jabref.gui.entryeditor.OtherFieldsTab,11,27,2,1,24,0,1,2.5,9,2
org.jabref.gui.entryeditor.RelatedArticlesTab,12,12,1,2,48,0,1,1,18,5
org.jabref.gui.entryeditor.RequiredFieldsTab,9,27,2,1,10,0,1,2.5,6,2
org.jabref.gui.entryeditor.SourceTab,23,19,1,2,90,0,3.2,2.2,41,16
org.jabref.gui.entryeditor.UserDefinedFieldsTab,8,28,2,1,4,0,1,3.5,4,2
org.jabref.gui.entryeditor.fileannotationtab.FileAnnotationTab,8,10,1,2,8,0,1,1,7,3
org.jabref.gui.entryeditor.fileannotationtab.FileAnnotationTabController,8,19,1,1,83,0,1,0.67,18,3
org.jabref.gui.entryeditor.fileannotationtab.FileAnnotationTabView,4,6,1,1,4,0,1,2,3,2
org.jabref.gui.entryeditor.fileannotationtab.FileAnnotationTabViewModel,12,21,1,3,52,0,1.1,0.5,22,11
org.jabref.gui.entryeditor.fileannotationtab.FileAnnotationViewModel,7,19,0,4,47,0,1.54,0.15,23,20
org.jabref.gui.errorconsole.ErrorConsoleController,10,21,1,2,47,0,1.38,0.14,16,11
org.jabref.gui.errorconsole.ErrorConsoleView,5,8,2,1,5,0,1,0,3,1
org.jabref.gui.errorconsole.ErrorConsoleViewModel,10,14,1,2,41,0,1.14,0.71,21,8
org.jabref.gui.errorconsole.LogEventViewModel,5,7,0,1,15,0,2,0.17,11,12
org.jabref.gui.exporter.CustomExportDialog,14,21,1,4,92,0,1.57,0.83,18,11
org.jabref.gui.exporter.ExportAction,22,4,0,1,68,0,1.62,1.33,10,13
org.jabref.gui.exporter.ExportCustomizationDialog,16,13,1,0,4,0,4.5,1,22,9
org.jabref.gui.exporter.ExportCustomizationDialog.ExportTableFormat,2,6,0,3,4,0,2,1,4,6
org.jabref.gui.exporter.ExportFileFilter,2,11,0,3,11,0,1.38,0.5,11,11
org.jabref.gui.exporter.ExportToClipboardAction,13,14,1,1,61,0,2.67,0.33,18,8
org.jabref.gui.exporter.RtfTransferable,2,10,0,2,8,0,1.4,1,5,7
org.jabref.gui.exporter.SaveAllAction,11,8,1,1,23,0,2,0.67,18,6
org.jabref.gui.exporter.SaveDatabaseAction,40,30,1,1,221,0,3.27,0.6,99,49
org.jabref.gui.externalfiles.AutoSetFileLinksUtil,14,7,0,1,29,0,2,2.67,12,6
org.jabref.gui.externalfiles.AutoSetLinks,18,5,0,1,37,0,3.25,3,16,13
org.jabref.gui.externalfiles.DownloadExternalFile,19,16,0,1,122,0,4.22,1.56,36,38
org.jabref.gui.externalfiles.DownloadExternalFile.DownloadCallback,n/a,n/a,n/a,n/a,n/a,n/a,n/a,n/a,1,n/a
org.jabref.gui.externalfiles.DroppedFileHandler,27,20,0,1,276,0,5.7,3.2,59,57
org.jabref.gui.externalfiles.FileDownloadTask,4,25,1,1,9,0,1,1,7,2
org.jabref.gui.externalfiles.FindFullTextAction,16,16,1,1,74,0,3.25,0.25,23,13
org.jabref.gui.externalfiles.SynchronizeFileField,25,20,1,1,74,0,7.5,0.25,51,30
org.jabref.gui.externalfiles.SynchronizeFileField.OptionsDialog,8,22,1,2,74,0,1.33,0.6,19,8
org.jabref.gui.externalfiles.TransferableFileLinkSelection,6,6,0,3,15,0,1.25,1,8,5
org.jabref.gui.externalfiles.WriteXMPAction,9,20,1,1,51,0,3.75,0.25,21,15
org.jabref.gui.externalfiles.WriteXMPAction.OptionsDialog,7,18,1,1,51,0,1,0.2,13,6
org.jabref.gui.externalfiletype.ExternalFileMenuItem,15,11,0,1,41,0,2.25,3.75,14,9
org.jabref.gui.externalfiletype.ExternalFileType,36,29,0,1,20,1,1.41,0.68,24,31
org.jabref.gui.externalfiletype.ExternalFileTypeEditor,18,30,1,3,12,0,1.78,0.62,29,16
org.jabref.gui.externalfiletype.ExternalFileTypeEditor.EditExternalFileTypesAction,5,9,1,1,12,0,2,1,10,6
org.jabref.gui.externalfiletype.ExternalFileTypeEditor.EditListener,4,1,0,1,6,0,3,1,4,3
org.jabref.gui.externalfiletype.ExternalFileTypeEditor.FileTypeTableModel,3,5,0,4,11,0,3.2,0.8,11,16
org.jabref.gui.externalfiletype.ExternalFileTypeEditor.IconRenderer,1,2,0,1,2,0,1,6,1,1
org.jabref.gui.externalfiletype.ExternalFileTypeEditor.TableClickListener,2,4,0,1,5,0,1.25,1,5,5
org.jabref.gui.externalfiletype.ExternalFileTypeEntryEditor,16,25,0,1,150,0,2.17,1.12,33,26
org.jabref.gui.externalfiletype.ExternalFileTypes,39,17,0,3,136,0,3.08,0.69,32,40
org.jabref.gui.externalfiletype.UnknownExternalFileType,13,30,1,0,4,0,1,1.5,4,2
org.jabref.gui.fieldeditors.AbstractEditorViewModel,31,11,1,3,16,11,1.4,1,15,7
org.jabref.gui.fieldeditors.BibtexKeyEditor,13,11,0,2,9,0,1,1.8,13,5
org.jabref.gui.fieldeditors.BibtexKeyEditorViewModel,8,16,2,1,4,0,1,3,6,2
org.jabref.gui.fieldeditors.DateEditor,9,10,0,2,8,0,1,1.25,10,4
org.jabref.gui.fieldeditors.DateEditorViewModel,6,14,2,1,7,0,1.5,2,3,6
org.jabref.gui.fieldeditors.EditorTextArea,9,4,0,2,22,0,1.6,1,4,8
org.jabref.gui.fieldeditors.EditorTypeEditorViewModel,5,24,4,2,16,0,1,1.33,7,3
org.jabref.gui.fieldeditors.EditorValidator,10,3,0,1,3,0,1.5,1.5,4,3
org.jabref.gui.fieldeditors.FieldEditor,n/a,n/a,n/a,n/a,n/a,n/a,n/a,n/a,17,n/a
org.jabref.gui.fieldeditors.FieldEditorFX,n/a,n/a,n/a,n/a,n/a,n/a,n/a,n/a,4,n/a
org.jabref.gui.fieldeditors.FieldEditorFocusListener,3,2,0,2,8,0,2,1,3,4
org.jabref.gui.fieldeditors.FieldEditors,38,3,0,1,42,0,11,6.5,36,22
org.jabref.gui.fieldeditors.FieldNameLabel,2,1,0,0,3,0,1,1,2,1
org.jabref.gui.fieldeditors.FileListEditorTransferHandler,6,13,0,3,46,0,2.29,1.71,15,16
org.jabref.gui.fieldeditors.GenderEditorViewModel,5,24,4,2,16,0,1,1.33,7,3
org.jabref.gui.fieldeditors.HtmlTransferable,4,14,0,2,22,0,1.4,1,6,7
org.jabref.gui.fieldeditors.IdentifierEditor,16,16,0,2,25,0,1.14,1.43,22,8
org.jabref.gui.fieldeditors.IdentifierEditorViewModel,15,27,2,3,37,0,1.1,0.7,24,11
org.jabref.gui.fieldeditors.JTextAreaWithHighlighting,9,20,1,2,51,0,2,0.62,12,20
org.jabref.gui.fieldeditors.JournalEditor,14,12,0,2,14,0,1,1.4,17,5
org.jabref.gui.fieldeditors.JournalEditorViewModel,8,15,2,1,11,0,2.5,2.5,6,5
org.jabref.gui.fieldeditors.KeywordsEditor,6,10,1,1,1,0,1,2,3,2
org.jabref.gui.fieldeditors.LinkedEntriesEditor,12,10,0,2,12,0,1,1.25,14,4
org.jabref.gui.fieldeditors.LinkedEntriesEditorViewModel,10,18,2,4,15,0,1.14,1.2,9,8
org.jabref.gui.fieldeditors.LinkedFileViewModel,29,44,1,3,188,0,1.86,0.72,82,54
org.jabref.gui.fieldeditors.LinkedFilesEditor,18,22,0,5,182,0,2,1.31,52,32
org.jabref.gui.fieldeditors.LinkedFilesEditorViewModel,25,34,2,2,84,0,1.35,1,57,23
org.jabref.gui.fieldeditors.MapBasedEditorViewModel,9,21,3,1,n/a,6,1.33,0.8,7,8
org.jabref.gui.fieldeditors.MonthEditorViewModel,7,20,3,3,10,0,1.5,1.25,7,9
org.jabref.gui.fieldeditors.MultilineEditor,6,10,1,1,1,0,1,2,3,2
org.jabref.gui.fieldeditors.OptionEditor,7,10,0,2,13,0,1,0.5,10,4
org.jabref.gui.fieldeditors.OptionEditorViewModel,6,15,2,3,n/a,2,1,1,5,1
org.jabref.gui.fieldeditors.OwnerEditor,11,11,0,2,9,0,1,1.2,13,5
org.jabref.gui.fieldeditors.OwnerEditorViewModel,5,14,2,1,3,0,1,2,4,2
org.jabref.gui.fieldeditors.PaginationEditorViewModel,5,24,4,2,16,0,1,1.33,7,3
org.jabref.gui.fieldeditors.PatentTypeEditorViewModel,5,24,4,2,26,0,1,1.33,7,3
org.jabref.gui.fieldeditors.PersonsEditor,12,8,0,2,16,0,1,1.67,16,3
org.jabref.gui.fieldeditors.PersonsEditorViewModel,9,16,2,3,2,0,1,1.25,8,4
org.jabref.gui.fieldeditors.SimpleEditor,15,8,0,2,15,2,1.33,1.67,14,4
org.jabref.gui.fieldeditors.SimpleEditorViewModel,6,13,2,1,1,0,1,1.5,3,2
org.jabref.gui.fieldeditors.TextArea,5,42,0,13,15,1,1.05,0.57,23,22
org.jabref.gui.fieldeditors.TextField,9,44,1,10,49,0,1.26,0.65,23,24
org.jabref.gui.fieldeditors.TypeEditorViewModel,5,24,4,2,18,0,1,1.33,7,3
org.jabref.gui.fieldeditors.UrlEditor,12,11,0,2,9,0,1,1.4,13,5
org.jabref.gui.fieldeditors.UrlEditorViewModel,9,17,2,2,12,0,1.25,1,8,5
org.jabref.gui.fieldeditors.XmlTransferable,2,10,0,2,9,0,1.4,1,5,7
org.jabref.gui.fieldeditors.YesNoEditorViewModel,4,24,4,2,4,0,1,1.33,6,3
org.jabref.gui.fieldeditors.contextmenu.CaseChangeMenu,6,1,0,0,16,0,2,1,7,2
org.jabref.gui.fieldeditors.contextmenu.ClearField,2,1,0,0,4,0,1,1,2,1
org.jabref.gui.fieldeditors.contextmenu.ConversionMenu,4,1,0,0,13,0,2,1,6,2
org.jabref.gui.fieldeditors.contextmenu.EditorMenus,11,3,0,1,28,0,1,1,10,3
org.jabref.gui.fieldeditors.contextmenu.ProtectedTermsMenu,10,5,0,1,49,0,3,0.5,12,6
org.jabref.gui.filelist.AttachFileAction,10,4,0,1,18,0,2.5,0.5,16,5
org.jabref.gui.filelist.ConfirmCloseFileListEntryEditor,n/a,n/a,n/a,n/a,n/a,n/a,n/a,n/a,1,n/a
org.jabref.gui.filelist.FileListEntry,16,16,0,1,34,0,1.15,0.85,14,15
org.jabref.gui.filelist.FileListEntryEditor,25,33,0,5,190,0,2.05,1.14,53,41
org.jabref.gui.filelist.FileListTableModel,21,17,0,4,47,0,1.75,1.25,28,28
org.jabref.gui.groups.DroppingMouseLocation,2,3,n/a,0,n/a,n/a,n/a,0,0,0
org.jabref.gui.groups.EntryTableTransferHandler,16,22,0,4,92,0,2.79,2,32,39
org.jabref.gui.groups.GroupAddRemoveDialog,13,13,0,1,4,0,2.75,1.57,25,22
org.jabref.gui.groups.GroupAddRemoveDialog.AddRemoveGroupTreeCellRenderer,3,9,1,1,4,0,2,7,3,2
org.jabref.gui.groups.GroupDescriptions,9,7,0,4,85,0,3,1.29,14,21
org.jabref.gui.groups.GroupDialog,37,64,1,3,472,0,3.58,0.56,82,68
org.jabref.gui.groups.GroupMatcher,3,3,0,1,1,0,1,1,2,1
org.jabref.gui.groups.GroupNodeViewModel,23,46,0,10,99,0,1.26,0.74,73,43
org.jabref.gui.groups.GroupSidePane,28,26,1,3,50,0,1.67,0.56,39,15
org.jabref.gui.groups.GroupTreeCellRenderer,3,8,0,1,33,1,4.25,2.5,9,17
org.jabref.gui.groups.GroupTreeController,16,24,1,1,213,0,2.8,1.2,34,28
org.jabref.gui.groups.GroupTreeNodeViewModel,22,39,0,4,116,0,1.43,0.49,65,53
org.jabref.gui.groups.GroupTreeView,2,5,1,0,1,0,1,0,2,1
org.jabref.gui.groups.GroupTreeViewModel,16,27,1,4,135,0,1.44,0.78,47,26
org.jabref.gui.groups.GroupingWorker,12,5,0,1,21,0,1.67,1,16,5
org.jabref.gui.groups.MoveGroupChange,2,9,0,4,0,0,1,0.8,5,5
org.jabref.gui.groups.TransferableEntrySelection,3,12,0,3,17,0,1.67,0.67,6,10
org.jabref.gui.groups.UndoableAddOrRemoveGroup,6,15,1,1,42,0,4.4,0.8,18,22
org.jabref.gui.groups.UndoableChangeEntriesOfGroup,6,2,0,1,3,0,2,1,6,4
org.jabref.gui.groups.UndoableModifyGroup,7,11,1,2,18,0,1,1,10,4
org.jabref.gui.groups.UndoableModifySubtree,5,11,1,2,20,0,1.75,0.75,11,7
org.jabref.gui.groups.UndoableMoveGroup,6,11,1,2,29,0,1,0.5,14,4
org.jabref.gui.groups.WarnAssignmentSideEffects,5,3,0,2,23,0,3.33,1.33,6,10
org.jabref.gui.help.AboutAction,3,5,1,1,5,0,1,2,5,2
org.jabref.gui.help.AboutDialogController,5,19,1,2,15,0,1,0,19,9
org.jabref.gui.help.AboutDialogView,5,8,2,1,4,0,1,0,3,1
org.jabref.gui.help.AboutDialogViewModel,9,40,1,8,52,0,1.04,0.17,32,24
org.jabref.gui.help.HelpAction,29,15,1,2,38,0,1.09,1.7,17,12
org.jabref.gui.help.NewVersionDialog,8,10,1,0,39,0,1,3,8,2
org.jabref.gui.importer.EntryFromExternalFileCreator,4,16,1,1,8,0,1.25,0.75,8,5
org.jabref.gui.importer.EntryFromFileCreator,17,14,0,3,n/a,2,2.67,1.25,28,24
org.jabref.gui.importer.EntryFromFileCreatorManager,14,8,0,1,47,0,3.33,2,20,30
org.jabref.gui.importer.EntryFromPDFCreator,12,17,1,3,26,0,1.6,0.8,15,8
org.jabref.gui.importer.FetcherPreviewDialog,13,27,1,5,11,0,1.55,1.3,28,17
org.jabref.gui.importer.FetcherPreviewDialog.EntryTable,3,6,0,4,12,0,1.4,1.8,10,7
org.jabref.gui.importer.FetcherPreviewDialog.EntryTableFormat,3,6,0,3,4,0,2,1,6,6
org.jabref.gui.importer.FetcherPreviewDialog.PreviewRenderer,1,2,0,1,2,0,1,6,1,1
org.jabref.gui.importer.FetcherPreviewDialog.TableEntry,3,7,0,2,0,0,1,0.75,4,4
org.jabref.gui.importer.ImportCustomizationDialog,21,19,1,3,12,0,2.8,1,28,14
org.jabref.gui.importer.ImportCustomizationDialog.ImportTableModel,6,6,0,2,12,0,1.8,0.8,9,9
org.jabref.gui.importer.ImportFormats,18,2,0,1,42,0,1.4,1,3,7
org.jabref.gui.importer.ImportInspectionDialog,58,67,1,6,32,0,2.17,1.15,93,50
org.jabref.gui.importer.ImportInspectionDialog.AddToGroupAction,3,3,0,1,14,0,2,1,8,4
org.jabref.gui.importer.ImportInspectionDialog.AttachUrl,4,2,0,1,21,0,2.5,0.5,11,5
org.jabref.gui.importer.ImportInspectionDialog.CallBack,n/a,n/a,n/a,n/a,n/a,n/a,n/a,n/a,1,n/a
org.jabref.gui.importer.ImportInspectionDialog.DeleteListener,5,3,0,1,19,0,1.67,0.33,10,5
org.jabref.gui.importer.ImportInspectionDialog.DownloadFile,6,5,0,1,24,0,2,0.67,14,6
org.jabref.gui.importer.ImportInspectionDialog.EntrySelectionListener,3,2,0,1,6,0,2,1,3,2
org.jabref.gui.importer.ImportInspectionDialog.EntryTable,3,6,0,4,12,0,1.6,1.8,12,8
org.jabref.gui.importer.ImportInspectionDialog.EntryTableFormat,10,6,0,1,32,0,5.67,1,14,17
org.jabref.gui.importer.ImportInspectionDialog.InternalAutoSetLinks,7,2,0,1,26,0,3,0.5,15,6
org.jabref.gui.importer.ImportInspectionDialog.LinkLocalFile,6,5,0,1,26,0,1.67,0.67,14,5
org.jabref.gui.importer.ImportInspectionDialog.OkListener,23,6,0,1,70,0,5.5,1.33,43,33
org.jabref.gui.importer.ImportInspectionDialog.SelectionButton,1,3,0,1,3,0,1.5,1,2,3
org.jabref.gui.importer.ImportInspectionDialog.TableClickListener,13,10,0,3,136,0,3.1,1.1,36,31
org.jabref.gui.importer.ImportMenuItem,20,9,0,3,73,0,3.2,1.6,26,16
org.jabref.gui.importer.ImportMenuItem.MyWorker,19,14,1,1,52,0,4.67,0,29,14
org.jabref.gui.importer.ParserResultWarningDialog,6,3,0,1,22,0,2,1.67,8,8
org.jabref.gui.importer.UnlinkedFilesCrawler,5,5,0,1,19,0,3.67,2.33,7,11
org.jabref.gui.importer.UnlinkedPDFFileFilter,6,4,0,1,3,0,1,1.5,5,2
org.jabref.gui.importer.ZipFileChooser,5,13,1,2,18,0,2.33,1,9,7
org.jabref.gui.importer.ZipFileChooser.ZipFileChooserTableModel,2,10,0,3,18,0,1.43,0.86,8,10
org.jabref.gui.importer.actions.AppendDatabaseAction,35,10,0,1,76,0,3.8,2.8,53,19
org.jabref.gui.importer.actions.CheckForNewEntryTypesAction,13,8,0,1,73,0,2.5,1.83,17,15
org.jabref.gui.importer.actions.GUIPostOpenAction,n/a,n/a,n/a,n/a,n/a,n/a,n/a,n/a,2,n/a
org.jabref.gui.importer.actions.HandleDuplicateWarnings,6,4,0,2,6,0,1.5,1.5,5,3
org.jabref.gui.importer.actions.MergeReviewIntoCommentAction,7,4,0,2,6,0,1.5,1.5,8,3
org.jabref.gui.importer.actions.MergeReviewIntoCommentConfirmationDialog,4,3,0,1,12,0,1,1,3,2
org.jabref.gui.importer.actions.OpenDatabaseAction,35,15,1,1,134,0,3.5,2,53,28
org.jabref.gui.importer.fetcher.ACMPortalFetcher,17,61,0,5,161,0,2.62,1.31,35,42
org.jabref.gui.importer.fetcher.CiteSeerXFetcher,12,25,0,3,45,0,2.25,0.88,17,18
org.jabref.gui.importer.fetcher.DOAJFetcher,11,15,0,3,43,0,2.6,0.6,25,13
org.jabref.gui.importer.fetcher.EntryFetcher,n/a,n/a,n/a,n/a,n/a,n/a,n/a,n/a,4,n/a
org.jabref.gui.importer.fetcher.EntryFetchers,14,3,0,1,12,0,1,0.5,5,2
org.jabref.gui.importer.fetcher.GeneralFetcher,21,30,1,3,3,0,2.5,0.38,43,20
org.jabref.gui.importer.fetcher.GeneralFetcher.EntryFetcherComparator,2,1,0,1,3,0,1,2,2,1
org.jabref.gui.importer.fetcher.IEEEXploreFetcher,21,37,0,2,272,0,4.8,0.9,49,48
org.jabref.gui.importer.fetcher.INSPIREFetcher,13,14,0,4,30,0,1,0.71,17,7
org.jabref.gui.importer.fetcher.OAI2Fetcher,11,32,0,3,65,0,1.91,1.09,24,21
org.jabref.gui.importer.fetcher.PreviewEntryFetcher,n/a,n/a,n/a,n/a,n/a,n/a,n/a,n/a,4,n/a
org.jabref.gui.importer.fetcher.SearchBasedEntryFetcher,12,13,0,3,14,0,1,0.67,13,6
org.jabref.gui.importer.fetcher.SpringerFetcher,9,15,0,3,44,0,2.6,0.6,23,13
org.jabref.gui.journals.AbbreviateAction,12,16,1,1,25,0,2,0.5,18,8
org.jabref.gui.journals.AbbreviationViewModel,6,16,0,4,13,0,1.17,0.33,14,14
org.jabref.gui.journals.AbbreviationsFileViewModel,6,15,0,1,29,0,1.27,0.36,14,14
org.jabref.gui.journals.JournalAbbreviationsUtil,2,2,0,1,5,0,1.33,0.5,4,4
org.jabref.gui.journals.ManageJournalAbbreviationsController,13,34,1,1,58,0,1.5,0,31,21
org.jabref.gui.journals.ManageJournalAbbreviationsController.JournalAbbreviationsAbbreviationTableEditingCell,4,9,0,1,58,0,2.5,0.5,11,15
org.jabref.gui.journals.ManageJournalAbbreviationsController.JournalAbbreviationsNameTableEditingCell,4,9,0,1,58,0,2.5,0.5,11,15
org.jabref.gui.journals.ManageJournalAbbreviationsView,5,8,2,1,5,0,1,0,3,1
org.jabref.gui.journals.ManageJournalAbbreviationsViewModel,17,44,1,2,170,0,1.93,0.48,54,52
org.jabref.gui.journals.ManageJournalsAction,4,5,1,1,5,0,1,0.5,6,2
org.jabref.gui.journals.UnabbreviateAction,11,14,1,1,17,0,2.25,0.25,17,9
org.jabref.gui.journals.UndoableAbbreviator,6,5,0,1,13,0,2.67,2.33,12,8
org.jabref.gui.journals.UndoableUnabbreviator,6,3,0,1,11,0,3,2.5,11,6
org.jabref.gui.keyboard.EmacsKeyBindings,16,24,0,3,15,0,4,0.57,25,28
org.jabref.gui.keyboard.EmacsKeyBindings.BackwardKillWordAction,2,2,0,1,12,0,2,1,4,4
org.jabref.gui.keyboard.EmacsKeyBindings.CapitalizeWordAction,1,2,0,1,24,0,2.5,1,3,5
org.jabref.gui.keyboard.EmacsKeyBindings.DowncaseWordAction,1,2,0,1,12,0,1.5,1,3,3
org.jabref.gui.keyboard.EmacsKeyBindings.KillLineAction,2,2,0,1,15,0,2.5,1,4,5
org.jabref.gui.keyboard.EmacsKeyBindings.KillRegionAction,1,2,0,1,3,0,1,1,3,2
org.jabref.gui.keyboard.EmacsKeyBindings.KillRing,6,11,0,3,15,0,1.57,0.29,7,11
org.jabref.gui.keyboard.EmacsKeyBindings.KillRingSaveAction,1,2,0,1,3,0,1,1,3,2
org.jabref.gui.keyboard.EmacsKeyBindings.KillWordAction,2,2,0,1,12,0,2,1,5,4
org.jabref.gui.keyboard.EmacsKeyBindings.SetMarkCommandAction,1,7,0,1,3,0,1.2,0.6,5,6
org.jabref.gui.keyboard.EmacsKeyBindings.UpcaseWordAction,1,2,0,1,12,0,1.5,1,3,3
org.jabref.gui.keyboard.EmacsKeyBindings.YankAction,3,4,0,1,11,0,1.5,1,5,3
org.jabref.gui.keyboard.EmacsKeyBindings.YankPopAction,3,2,0,1,15,0,2,1,6,4
org.jabref.gui.keyboard.KeyBinder,6,2,0,1,6,0,1,1,4,2
org.jabref.gui.keyboard.KeyBinding,71,97,n/a,4,n/a,n/a,1,0.8,7,5
org.jabref.gui.keyboard.KeyBindingAction,5,2,0,1,6,0,1,0.5,5,2
org.jabref.gui.keyboard.KeyBindingCategory,4,10,n/a,1,n/a,n/a,1,0.5,3,2
org.jabref.gui.keyboard.KeyBindingRepository,72,23,0,2,92,0,1.8,0.95,23,36
org.jabref.gui.keyboard.KeyBindingViewModel,7,20,0,2,31,0,1.85,0.54,20,24
org.jabref.gui.keyboard.KeyBindingsDialogController,10,16,1,1,34,0,1,0,14,4
org.jabref.gui.keyboard.KeyBindingsDialogView,5,8,2,1,13,0,1,0,3,1
org.jabref.gui.keyboard.KeyBindingsDialogViewModel,8,12,1,1,32,0,1.86,0.57,22,13
org.jabref.gui.logging.ApplicationInsightsAppender,1,67,3,2,19,0,1.33,1.67,7,4
org.jabref.gui.logging.GuiAppender,2,67,3,2,6,0,1.67,2.33,8,5
org.jabref.gui.maintable.ListSynchronizer,6,7,0,1,21,0,1.33,0.67,11,8
org.jabref.gui.maintable.MainTable,49,55,0,4,323,0,2.31,1,93,90
org.jabref.gui.maintable.MainTable.CellRendererMode,1,4,n/a,0,n/a,n/a,n/a,0,0,0
org.jabref.gui.maintable.MainTableColumn,13,17,0,2,38,7,2.09,0.82,16,23
org.jabref.gui.maintable.MainTableDataModel,20,18,0,4,10,0,2.73,0.36,28,30
org.jabref.gui.maintable.MainTableDataModel.DisplayOption,8,3,n/a,0,n/a,n/a,n/a,0,0,0
org.jabref.gui.maintable.MainTableDataModel.FilterAndSortingState,2,3,0,0,0,0,n/a,0,0,0
org.jabref.gui.maintable.MainTableDataModel.GenericCompositeComparator,2,3,0,1,6,0,2,1.5,2,4
org.jabref.gui.maintable.MainTableDataModel.StartStopListFilterAction,2,7,0,1,10,0,1,1,9,4
org.jabref.gui.maintable.MainTableFormat,12,15,0,1,57,0,3.29,0.86,21,23
org.jabref.gui.maintable.MainTableHeaderRenderer,2,3,0,1,7,0,2,3.5,2,4
org.jabref.gui.maintable.MainTableNameFormatter,5,2,0,1,9,0,3.5,0.5,7,7
org.jabref.gui.maintable.MainTableSelectionListener,38,33,0,8,212,0,3.45,1.18,72,76
org.jabref.gui.maintable.PersistenceTableColumnListener,4,10,0,2,24,0,1.57,0.86,9,11
org.jabref.gui.maintable.PreventDraggingJTableHeader,3,7,0,3,28,0,1.83,1,9,11
org.jabref.gui.maintable.SpecialMainTableColumnsBuilder,13,10,0,5,78,0,1.45,0.4,15,29
org.jabref.gui.menus.ChangeEntryTypeMenu,17,9,0,3,84,0,2.25,2.88,18,18
org.jabref.gui.menus.FileHistoryMenu,8,9,0,1,43,0,1.83,1,17,11
org.jabref.gui.menus.RightClickMenu,29,15,0,4,12,0,2.8,1,46,28
org.jabref.gui.menus.RightClickMenu.GeneralAction,5,6,0,1,12,0,1,2.6,8,5
org.jabref.gui.mergeentries.EntryFetchAndMergeWorker,9,7,0,1,19,0,1.67,1,9,5
org.jabref.gui.mergeentries.FetchAndMergeEntry,10,5,0,1,17,0,1.5,2,12,6
org.jabref.gui.mergeentries.FetchAndMergeWorker,12,8,0,1,26,0,2,1,11,6
org.jabref.gui.mergeentries.MergeEntries,18,39,0,1,228,0,3.07,1,50,46
org.jabref.gui.mergeentries.MergeEntriesDialog,13,15,1,1,61,0,1.5,1,34,3
org.jabref.gui.mergeentries.MergeFetchedEntryDialog,13,19,1,1,35,0,1,2,25,2
org.jabref.gui.mergeentries.MergeFetchedEntryDialog.CancelAction,3,2,0,1,5,0,1,0.5,4,2
org.jabref.gui.mergeentries.MergeFetchedEntryDialog.ReplaceAction,10,2,0,1,35,0,4,0.5,19,8
org.jabref.gui.mergeentries.MergeWithFetchedEntryAction,7,4,0,1,14,0,1.5,0.5,9,3
org.jabref.gui.openoffice.AdvancedCiteDialog,6,9,0,4,55,0,1.17,0.2,19,7
org.jabref.gui.openoffice.BibEntryNotFoundException,2,3,0,1,1,0,1,1,2,2
org.jabref.gui.openoffice.CitationManager,11,9,0,2,51,0,1.75,0.67,20,7
org.jabref.gui.openoffice.CitationManager.CitationEntryFormat,3,6,0,3,5,0,1.67,1,6,5
org.jabref.gui.openoffice.CitationManager.SingleCitationDialog,7,7,0,1,51,0,1.33,0.5,20,4
org.jabref.gui.openoffice.CitationManager.TableClickListener,2,1,0,1,6,0,3,1,3,3
org.jabref.gui.openoffice.ConnectionLostException,2,1,0,0,1,0,1,1,1,1
org.jabref.gui.openoffice.CreationException,1,1,0,0,1,0,1,1,1,1
org.jabref.gui.openoffice.DetectOpenOfficeInstallation,14,23,1,1,84,0,2.09,0.73,30,23
org.jabref.gui.openoffice.NoDocumentException,1,1,0,0,1,0,1,1,1,1
org.jabref.gui.openoffice.OOBibBase,21,65,0,1,14,0,4.62,1.7,120,171
org.jabref.gui.openoffice.OOBibBase.ComparableMark,1,7,0,2,2,0,1.6,0.8,5,8
org.jabref.gui.openoffice.OpenOfficePanel,48,49,1,1,442,0,2.88,0.69,113,49
org.jabref.gui.openoffice.OpenOfficeSidePanel,10,22,1,3,10,0,1.2,0.8,14,6
org.jabref.gui.openoffice.StyleSelectDialog,25,36,0,1,61,0,1.82,0.46,62,31
org.jabref.gui.openoffice.StyleSelectDialog.AddFileDialog,13,14,1,1,61,0,1.25,0.33,22,5
org.jabref.gui.openoffice.StyleSelectDialog.EntrySelectionListener,3,2,0,1,15,0,3,1,5,3
org.jabref.gui.openoffice.StyleSelectDialog.StyleTableFormat,3,6,0,3,10,0,4,1,8,12
org.jabref.gui.openoffice.UndefinedCharacterFormatException,2,3,0,1,1,0,1,0.5,2,2
org.jabref.gui.plaintextimport.BasicAction,3,3,0,1,n/a,3,1,1.67,3,2
org.jabref.gui.plaintextimport.PopupListener,1,5,0,1,7,0,1.25,1,4,5
org.jabref.gui.plaintextimport.TagToMarkedTextStore,3,5,0,1,0,0,2.25,2.25,7,9
org.jabref.gui.plaintextimport.TagToMarkedTextStore.TMarkedStoreItem,1,5,0,1,0,0,1,0.67,3,3
org.jabref.gui.plaintextimport.TextInputDialog,36,46,1,1,3,0,2.14,0.23,60,30
org.jabref.gui.plaintextimport.TextInputDialog.ClearAction,5,5,1,1,5,0,1,0.5,5,2
org.jabref.gui.plaintextimport.TextInputDialog.FieldListMouseListener,1,1,0,1,3,0,2,1,2,2
org.jabref.gui.plaintextimport.TextInputDialog.FieldListSelectionHandler,2,2,0,1,9,0,4,1,2,4
org.jabref.gui.plaintextimport.TextInputDialog.LoadAction,13,5,1,1,21,0,2,0.5,11,4
org.jabref.gui.plaintextimport.TextInputDialog.MenuTextForTagAction,1,4,0,1,3,0,1,1.5,3,2
org.jabref.gui.plaintextimport.TextInputDialog.PasteAction,6,5,1,1,12,0,1.5,0.5,7,3
org.jabref.gui.plaintextimport.TextInputDialog.SimpleCellRenderer,7,8,0,1,20,0,2.5,3,6,5
org.jabref.gui.preftabs.AdvancedTab,13,18,0,2,92,0,1.71,0.14,32,12
org.jabref.gui.preftabs.AppearancePrefsTab,9,31,0,2,220,0,2.67,0.67,30,16
org.jabref.gui.preftabs.AppearancePrefsTab.LookAndFeel,1,1,0,1,5,0,1,0,1,1
org.jabref.gui.preftabs.BibtexKeyPatternPrefTab,8,33,1,3,96,0,1.67,0.33,21,10
org.jabref.gui.preftabs.ColorSetupPanel,6,6,0,1,14,0,2,1,20,6
org.jabref.gui.preftabs.ColorSetupPanel.ColorButton,5,15,0,5,14,0,1,0.91,13,11
org.jabref.gui.preftabs.ColorSetupPanel.ColorButtonListener,2,3,0,1,7,0,1.5,1,6,3
org.jabref.gui.preftabs.EntryEditorPrefsTab,7,27,0,3,166,0,3,0.33,30,18
org.jabref.gui.preftabs.ExportSortingPrefsTab,5,14,0,3,44,0,1.33,0.2,22,8
org.jabref.gui.preftabs.ExternalTab,11,30,0,4,152,0,2,0.45,27,22
org.jabref.gui.preftabs.FileTab,15,28,0,2,179,0,3,0.4,20,15
org.jabref.gui.preftabs.FontSelectorDialog,4,29,1,3,104,0,2.33,1,6,14
org.jabref.gui.preftabs.GeneralTab,12,28,0,2,186,0,2,0.2,25,10
org.jabref.gui.preftabs.GeneralTab.DefaultBibModeRenderer,2,1,0,1,3,0,1,5,2,1
org.jabref.gui.preftabs.GroupsPrefsTab,4,17,0,3,81,0,1,0.2,16,7
org.jabref.gui.preftabs.ImportSettingsTab,6,22,0,3,82,0,2.67,0.17,18,16
org.jabref.gui.preftabs.NameFormatterTab,10,14,0,3,32,0,2.08,0.2,21,25
org.jabref.gui.preftabs.NameFormatterTab.AddRowAction,6,2,0,1,13,0,3,0.5,5,6
org.jabref.gui.preftabs.NameFormatterTab.DeleteRowAction,5,2,0,1,10,0,2.5,0.5,4,5
org.jabref.gui.preftabs.NameFormatterTab.TableRow,3,9,0,2,2,0,1,0.71,7,7
org.jabref.gui.preftabs.NetworkTab,7,17,0,2,111,0,2.4,0.2,23,12
org.jabref.gui.preftabs.PreferencesDialog,39,22,1,2,2,0,2.17,0.33,54,13
org.jabref.gui.preftabs.PreferencesDialog.CancelAction,1,2,0,1,2,0,1,0.5,2,2
org.jabref.gui.preftabs.PreferencesDialog.ExportAction,11,2,0,1,19,0,1,0.5,13,2
org.jabref.gui.preftabs.PreferencesDialog.OkAction,1,2,0,1,2,0,1,0.5,3,2
org.jabref.gui.preftabs.PreferencesFilterDialog,7,15,1,1,13,0,1.5,1,7,3
org.jabref.gui.preftabs.PreferencesFilterDialog.PreferencesTableModel,3,6,0,3,13,0,2.8,0.8,10,14
org.jabref.gui.preftabs.PrefsTab,n/a,n/a,n/a,n/a,n/a,n/a,n/a,n/a,4,n/a
org.jabref.gui.preftabs.PreviewPrefsTab,15,25,0,2,162,0,2.78,0,35,25
org.jabref.gui.preftabs.TableColumnsTab,20,42,0,3,97,0,3.42,0.4,36,41
org.jabref.gui.preftabs.TableColumnsTab.AbstractMoveRowAction,4,2,0,1,n/a,2,2,2,2,4
org.jabref.gui.preftabs.TableColumnsTab.AddRowAction,6,2,0,1,13,0,3,0.5,5,6
org.jabref.gui.preftabs.TableColumnsTab.DeleteRowAction,5,2,0,1,10,0,3,0.5,4,6
org.jabref.gui.preftabs.TableColumnsTab.MoveRowDownAction,6,4,1,1,15,0,3,0.5,6,6
org.jabref.gui.preftabs.TableColumnsTab.MoveRowUpAction,6,4,1,1,14,0,3,0.5,6,6
org.jabref.gui.preftabs.TableColumnsTab.TableRow,4,9,0,2,0,0,1,0.71,7,7
org.jabref.gui.preftabs.TableColumnsTab.UpdateOrderAction,4,2,0,1,18,0,3,0.5,5,6
org.jabref.gui.preftabs.TableColumnsTab.UpdateWidthsAction,4,2,0,1,29,0,3.5,0.5,5,7
org.jabref.gui.preftabs.TablePrefsTab,7,29,0,3,196,0,3.4,0.2,20,17
org.jabref.gui.preftabs.XmpPrefsTab,7,15,0,3,43,0,1.58,0.2,19,19
org.jabref.gui.preftabs.XmpPrefsTab.AddRowAction,5,2,0,1,12,0,3,0.5,4,6
org.jabref.gui.preftabs.XmpPrefsTab.DeleteRowAction,5,2,0,1,10,0,3,0.5,4,6
org.jabref.gui.protectedterms.NewProtectedTermsFileDialog,16,19,1,1,72,0,1,1,24,5
org.jabref.gui.protectedterms.ProtectedTermsDialog,22,29,0,1,61,0,1.53,0.4,41,23
org.jabref.gui.protectedterms.ProtectedTermsDialog.AddFileDialog,13,13,1,1,60,0,1.33,0,21,4
org.jabref.gui.protectedterms.ProtectedTermsDialog.EntrySelectionListener,1,1,0,1,13,0,2,1,2,2
org.jabref.gui.protectedterms.ProtectedTermsDialog.TermTableModel,4,7,0,5,22,0,3,1.29,13,21
org.jabref.gui.push.AbstractPushToApplication,20,30,0,4,n/a,6,1.64,0.5,25,18
org.jabref.gui.push.PushToApplication,n/a,n/a,n/a,n/a,n/a,n/a,n/a,n/a,9,n/a
org.jabref.gui.push.PushToApplicationAction,8,8,0,1,40,0,3,1,17,12
org.jabref.gui.push.PushToApplicationButton,16,21,0,1,10,0,1.9,0.78,30,19
org.jabref.gui.push.PushToApplicationButton.BooleanHolder,1,2,0,0,0,0,1,1,1,1
org.jabref.gui.push.PushToApplicationButton.MenuAction,6,7,1,3,7,0,1,0.75,9,4
org.jabref.gui.push.PushToApplicationButton.PopupItemActionListener,2,3,0,1,2,0,1,1,3,2
org.jabref.gui.push.PushToApplicationButton.PushButtonMouseListener,2,4,0,1,10,0,2,1,5,8
org.jabref.gui.push.PushToApplications,9,3,0,1,6,0,1,0,2,2
org.jabref.gui.push.PushToEmacs,14,40,1,4,55,0,1.67,0.56,24,15
org.jabref.gui.push.PushToLyx,12,36,1,4,27,0,2,0.83,13,12
org.jabref.gui.push.PushToTeXstudio,5,33,1,4,3,0,1,0.25,6,4
org.jabref.gui.push.PushToTexmaker,5,33,1,4,2,0,1,0.25,6,4
org.jabref.gui.push.PushToVim,12,39,1,3,44,0,1.62,0.62,23,13
org.jabref.gui.push.PushToWinEdt,5,33,1,4,3,0,1,0.25,6,4
org.jabref.gui.remote.JabRefMessageHandler,8,2,0,1,7,0,3,1,6,3
org.jabref.gui.renderer.CompleteRenderer,2,11,1,2,3,0,1,1,5,3
org.jabref.gui.renderer.GeneralRenderer,6,8,0,3,22,2,2,2.67,6,12
org.jabref.gui.renderer.IncompleteRenderer,5,11,1,2,6,0,1,0.67,7,3
org.jabref.gui.search.GlobalSearchBar,43,39,0,1,13,0,1.95,0.55,75,43
org.jabref.gui.search.GlobalSearchBar.SearchKeyAdapter,6,2,0,1,13,0,4,0.5,7,8
org.jabref.gui.search.GlobalSearchWorker,8,7,0,2,24,0,2,0.67,14,6
org.jabref.gui.search.HitOrMissComparator,2,3,0,1,4,0,1.5,1.5,3,3
org.jabref.gui.search.SearchDisplayMode,4,7,n/a,2,n/a,n/a,1,0.67,4,3
org.jabref.gui.search.SearchResultFrame,27,36,0,3,29,0,1.47,0.76,57,44
org.jabref.gui.search.SearchResultFrame.EntrySelectionListener,4,2,0,1,14,0,2,1,6,2
org.jabref.gui.search.SearchResultFrame.EntryTableFormat,13,10,0,2,29,0,3.8,1,17,19
org.jabref.gui.search.SearchResultFrame.TableClickListener,8,4,0,1,56,0,4.5,1,19,18
org.jabref.gui.search.SearchTextField,2,1,0,1,3,0,1,0,2,1
org.jabref.gui.search.SearchWorker,15,9,0,1,54,0,3.75,1,25,15
org.jabref.gui.search.matchers.EverythingMatcher,2,3,0,1,0,0,1,1,1,1
org.jabref.gui.search.matchers.SearchMatcher,3,3,0,1,1,0,1,1,2,1
org.jabref.gui.search.rules.describer.ContainsAndRegexBasedSearchRuleDescriber,8,7,0,1,29,0,2.67,1,9,8
org.jabref.gui.search.rules.describer.GrammarBasedSearchRuleDescriber,6,6,0,1,49,0,1.5,1.5,5,3
org.jabref.gui.search.rules.describer.GrammarBasedSearchRuleDescriber.DescriptionSearchBaseVisitor,16,31,2,3,49,0,2.8,1,19,14
org.jabref.gui.search.rules.describer.SearchDescriber,n/a,n/a,n/a,n/a,n/a,n/a,n/a,n/a,1,n/a
org.jabref.gui.search.rules.describer.SearchDescribers,9,2,0,1,15,0,2.5,0.5,11,5
org.jabref.gui.shared.ConnectToSharedDatabaseDialog,29,48,1,1,243,0,2.36,0.25,55,33
org.jabref.gui.shared.MergeSharedEntryDialog,8,10,0,1,64,0,1.2,1.25,15,6
org.jabref.gui.shared.MigrationHelpDialog,5,10,1,0,35,0,1,1,4,2
org.jabref.gui.shared.SharedDatabaseUIManager,29,8,0,1,77,0,1.67,1,56,10
org.jabref.gui.specialfields.SpecialFieldAction,16,10,0,1,36,0,3.67,2.33,21,11
org.jabref.gui.specialfields.SpecialFieldDatabaseChangeListener,11,3,0,2,6,0,2.5,0.5,10,5
org.jabref.gui.specialfields.SpecialFieldDropDown,5,2,0,1,2,0,1.5,1,6,3
org.jabref.gui.specialfields.SpecialFieldDropDown.MenuButtonActionListener,6,7,0,1,2,0,2,2.5,10,4
org.jabref.gui.specialfields.SpecialFieldDropDown.MenuButtonActionListener.PopupitemActionListener,2,4,0,1,2,0,1,1.5,3,2
org.jabref.gui.specialfields.SpecialFieldMenuAction,5,4,0,1,7,0,1.5,1.5,7,3
org.jabref.gui.specialfields.SpecialFieldUpdateListener,11,3,0,2,14,0,3,0.5,12,6
org.jabref.gui.specialfields.SpecialFieldValueViewModel,11,7,0,1,44,0,12.33,0.17,8,74
org.jabref.gui.specialfields.SpecialFieldViewModel,13,5,0,1,18,0,4.5,0.75,10,18
org.jabref.gui.undo.AbstractUndoableJabRefEdit,14,2,0,2,4,13,1,0,3,2
org.jabref.gui.undo.CountingUndoManager,42,12,0,1,23,0,1.44,0.33,16,13
org.jabref.gui.undo.NamedCompound,44,8,0,2,10,0,1.17,0.33,7,7
org.jabref.gui.undo.UndoableChangeType,9,10,1,1,16,0,1,0.8,13,5
org.jabref.gui.undo.UndoableFieldChange,28,12,1,1,24,0,1.4,1,15,7
org.jabref.gui.undo.UndoableInsertEntry,14,10,1,1,12,0,1,0.75,10,4
org.jabref.gui.undo.UndoableInsertString,12,10,1,1,12,0,1,0.75,11,4
org.jabref.gui.undo.UndoableKeyChange,10,10,1,1,13,0,1,0.8,11,5
org.jabref.gui.undo.UndoablePreambleChange,6,10,1,2,7,0,1,1,7,4
org.jabref.gui.undo.UndoableRemoveEntry,12,10,1,1,12,0,1,0.75,10,4
org.jabref.gui.undo.UndoableRemoveString,9,10,1,1,12,0,1,0.75,11,4
org.jabref.gui.undo.UndoableStringChange,8,11,1,1,16,0,1.75,1.25,10,7
org.jabref.gui.util.BackgroundTask,13,23,0,7,n/a,2,1.12,0.59,19,19
org.jabref.gui.util.BackgroundTask.BackgroundProgress,1,6,0,1,0,0,1.25,0.5,4,5
org.jabref.gui.util.BindingsHelper,12,13,0,11,2,0,1,3.08,19,16
org.jabref.gui.util.BindingsHelper.BidirectionalBinding,1,10,0,3,3,0,1.17,2.17,6,7
org.jabref.gui.util.BindingsHelper.BidirectionalListBinding,1,8,0,1,2,0,1.67,2.67,3,5
org.jabref.gui.util.BindingsHelper.BidirectionalMapBinding,1,8,0,1,2,0,1.67,2.67,3,5
org.jabref.gui.util.ControlHelper,14,2,0,1,13,0,1,1,2,1
org.jabref.gui.util.CurrentThreadTaskExecutor,3,5,0,2,1,0,2.5,0.5,7,5
org.jabref.gui.util.CurrentThreadTaskExecutor.FailedFuture,1,7,0,4,1,0,1,0.67,6,6
org.jabref.gui.util.DefaultFileUpdateMonitor,3,9,0,1,22,0,2,1.25,8,8
org.jabref.gui.util.DefaultTaskExecutor,45,11,0,3,35,0,1.62,0.86,10,13
org.jabref.gui.util.DirectoryDialogConfiguration,9,3,0,1,6,0,1,0.5,2,2
org.jabref.gui.util.DirectoryDialogConfiguration.Builder,7,4,0,2,6,0,1.67,0.67,4,5
org.jabref.gui.util.FileDialogConfiguration,27,12,0,5,16,0,1,0.71,7,7
org.jabref.gui.util.FileDialogConfiguration.Builder,27,14,0,2,16,0,1.4,0.9,12,14
org.jabref.gui.util.FileFilterConverter,7,7,0,4,35,0,1,1.43,10,7
org.jabref.gui.util.IconValidationDecorator,3,8,0,1,19,0,1.43,0.57,8,10
org.jabref.gui.util.MappedList,1,7,0,2,42,0,3,1,5,15
org.jabref.gui.util.OnlyIntegerFormatter,2,2,0,0,4,0,1,0.5,2,2
org.jabref.gui.util.OnlyIntegerFormatter.IntegerFilter,1,2,0,1,4,0,2,1,1,2
org.jabref.gui.util.OpenHyperlinksInExternalBrowser,2,7,0,2,13,0,1.67,1.67,4,5
org.jabref.gui.util.RecursiveTreeItem,3,11,0,2,40,0,2.29,2.57,8,16
org.jabref.gui.util.TaskExecutor,n/a,n/a,n/a,n/a,n/a,n/a,n/a,n/a,2,n/a
org.jabref.gui.util.TooltipTextUtil,7,5,0,2,0,0,3.4,1.6,5,17
org.jabref.gui.util.TooltipTextUtil.TextReplacement,4,4,0,0,0,0,1,3,1,1
org.jabref.gui.util.TooltipTextUtil.TextType,5,4,n/a,0,n/a,n/a,n/a,0,0,0
org.jabref.gui.util.ValueTableCellFactory,3,9,0,1,14,0,2,1,5,12
org.jabref.gui.util.ViewModelListCellFactory,5,25,0,1,40,0,1.87,1.07,14,28
org.jabref.gui.util.ViewModelTreeTableCellFactory,3,10,0,1,23,0,1.86,1.17,6,13
org.jabref.gui.util.WindowLocation,11,13,0,1,0,0,1.9,1,12,19
org.jabref.gui.util.WindowLocation.WindowPosition,1,5,0,0,0,0,1,4,1,1
org.jabref.gui.util.comparator.FirstColumnComparator,4,3,0,1,2,0,2,1.5,4,4
org.jabref.gui.util.comparator.IconComparator,4,3,0,1,8,0,3.5,1.5,3,7
org.jabref.gui.util.comparator.IsMarkedComparator,3,2,0,1,2,0,1,2,2,1
org.jabref.gui.util.comparator.RankingFieldComparator,3,1,0,1,10,0,5,2,3,5
org.jabref.gui.util.component.CheckBoxMessage,3,3,0,1,7,0,1,1.5,2,2
org.jabref.gui.util.component.DiffHighlightingTextPane,1,6,0,0,9,0,1,0,1,1
org.jabref.gui.util.component.JTextAreaWithPlaceholder,1,8,0,4,32,1,1.57,1,7,11
org.jabref.gui.util.component.JTextFieldWithPlaceholder,1,7,0,4,31,1,1.67,1.17,6,10
org.jabref.gui.util.component.OverlayPanel,1,3,0,1,14,0,1.5,1.5,2,3
org.jabref.gui.util.component.Tag,2,10,0,1,11,0,1.14,0.86,8,8
org.jabref.gui.util.component.TagBar,4,15,0,2,36,0,1.6,0.6,15,16
org.jabref.gui.util.component.TemporalAccessorPicker,3,13,0,4,9,0,1.33,0.5,10,16
org.jabref.gui.util.component.TemporalAccessorPicker.InternalConverter,1,2,0,1,9,0,2,1,5,4
org.jabref.gui.worker.AbstractWorker,19,8,0,4,n/a,17,1,0,7,5
org.jabref.gui.worker.CallBack,n/a,n/a,n/a,n/a,n/a,n/a,n/a,n/a,1,n/a
org.jabref.gui.worker.CitationStyleToClipboardWorker,18,14,0,1,53,0,2.12,0.88,30,17
org.jabref.gui.worker.LookupIdentifiersWorker,13,15,1,1,44,0,2.67,0.67,17,8
org.jabref.gui.worker.MarkEntriesAction,12,18,1,3,33,0,2.2,0.6,19,11
org.jabref.gui.worker.SendAsEMailAction,12,14,1,1,46,0,3.33,0.33,20,10
org.jabref.gui.worker.VersionWorker,5,10,0,1,25,0,2,1,10,10
org.jabref.logic.TypedBibEntry,13,8,0,1,22,0,1.4,1.4,11,7
org.jabref.logic.autosaveandbackup.AutosaveManager,6,14,0,2,18,0,1,0.86,15,7
org.jabref.logic.autosaveandbackup.BackupManager,18,21,0,1,45,0,1.23,0.77,29,16
org.jabref.logic.auxparser.DefaultAuxParser,9,13,0,1,65,0,2.62,1.75,23,21
org.jabref.logic.bibtex.BibEntryWriter,16,12,0,1,64,0,2.4,2.6,27,24
org.jabref.logic.bibtex.DuplicateCheck,20,30,0,2,105,0,2.55,2.2,31,51
org.jabref.logic.bibtex.FieldContentParser,6,5,0,2,13,0,1.33,1.67,5,4
org.jabref.logic.bibtex.FieldContentParserPreferences,4,4,0,1,1,0,1,0.33,3,3
org.jabref.logic.bibtex.InvalidFieldValueException,5,1,0,0,1,0,1,1,1,1
org.jabref.logic.bibtex.LatexFieldFormatter,14,18,0,2,59,0,4.27,1.91,21,47
org.jabref.logic.bibtex.LatexFieldFormatterPreferences,7,10,0,4,2,0,1,0.5,7,6
org.jabref.logic.bibtex.comparator.BibDatabaseDiff,11,13,0,7,43,0,2.75,0.75,18,22
org.jabref.logic.bibtex.comparator.BibEntryDiff,3,5,0,2,0,0,1,0.67,3,3
org.jabref.logic.bibtex.comparator.BibStringDiff,4,6,0,3,44,0,2.75,1,8,11
org.jabref.logic.bibtex.comparator.BibtexStringComparator,3,3,0,1,10,0,3,1.5,4,6
org.jabref.logic.bibtex.comparator.CrossRefEntryComparator,3,1,0,1,2,0,3,2,2,3
org.jabref.logic.bibtex.comparator.EntryComparator,7,9,0,1,39,0,6.5,2.75,10,26
org.jabref.logic.bibtex.comparator.FieldComparator,16,14,0,3,49,0,3.25,0.88,15,26
org.jabref.logic.bibtex.comparator.FieldComparator.FieldType,1,5,n/a,0,n/a,n/a,n/a,0,0,0
org.jabref.logic.bibtex.comparator.FieldComparatorStack,4,3,0,1,1,0,2,1.5,2,4
org.jabref.logic.bibtex.comparator.GroupDiff,4,6,0,3,7,0,1.25,1,5,5
org.jabref.logic.bibtex.comparator.IdComparator,2,1,0,1,3,0,1,2,2,1
org.jabref.logic.bibtex.comparator.MetaDataDiff,4,6,0,3,4,0,1.25,1,6,5
org.jabref.logic.bibtex.comparator.PreambleDiff,4,4,0,2,8,0,1.33,1,5,4
org.jabref.logic.bibtexkeypattern.BibtexKeyGenerator,27,22,1,1,68,0,3.25,1.88,32,26
org.jabref.logic.bibtexkeypattern.BibtexKeyPatternPreferences,11,15,0,7,0,0,1,0.88,8,8
org.jabref.logic.bibtexkeypattern.BracketedPattern,16,45,0,1,540,1,5.28,1.43,58,211
org.jabref.logic.bst.BibtexCaseChanger,5,11,0,1,64,0,5.88,2.88,8,47
org.jabref.logic.bst.BibtexCaseChanger.FORMAT_MODE,2,7,n/a,1,n/a,n/a,1.67,0.67,4,5
org.jabref.logic.bst.BibtexNameFormatter,7,6,0,1,81,0,10.17,2.17,15,61
org.jabref.logic.bst.BibtexPurify,4,2,0,1,13,0,8.5,1,4,17
org.jabref.logic.bst.BibtexTextPrefix,3,2,0,1,6,0,6,1.5,3,12
org.jabref.logic.bst.BibtexWidth,3,6,0,1,13,0,6.75,1,5,27
org.jabref.logic.bst.ChangeCaseFunction,6,4,0,1,10,0,2.5,1,6,5
org.jabref.logic.bst.FormatNameFunction,7,4,0,1,12,0,3,1,8,6
org.jabref.logic.bst.PurifyFunction,5,4,0,1,7,0,2,1,6,4
org.jabref.logic.bst.TextPrefixFunction,5,4,0,1,10,0,2.5,1,6,5
org.jabref.logic.bst.VM,19,49,0,3,4,0,4.14,0.82,66,145
org.jabref.logic.bst.VM.BstEntry,10,7,0,2,0,0,1,0.33,3,3
org.jabref.logic.bst.VM.BstFunction,n/a,n/a,n/a,n/a,n/a,n/a,n/a,n/a,1,n/a
org.jabref.logic.bst.VM.Identifier,2,3,0,1,0,0,1,0.5,2,2
org.jabref.logic.bst.VM.MacroFunction,3,4,0,1,1,0,1,1,3,2
org.jabref.logic.bst.VM.StackFunction,6,5,0,1,24,0,3.33,0.67,12,10
org.jabref.logic.bst.VM.Variable,0,3,0,1,0,0,1,0.5,2,2
org.jabref.logic.bst.VMException,8,1,0,0,1,0,1,1,1,1
org.jabref.logic.bst.Warn,n/a,n/a,n/a,n/a,n/a,n/a,n/a,n/a,1,n/a
org.jabref.logic.bst.WidthFunction,5,4,0,1,7,0,2,1,6,4
org.jabref.logic.citationstyle.CSLAdapter,4,7,0,1,26,0,2,2.5,5,4
org.jabref.logic.citationstyle.CSLAdapter.JabRefItemDataProvider,5,5,0,2,26,0,1.25,0.75,8,5
org.jabref.logic.citationstyle.CitationStyle,8,20,0,4,79,0,1.77,0.69,14,23
org.jabref.logic.citationstyle.CitationStyleCache,8,8,0,1,4,0,1.17,1,15,7
org.jabref.logic.citationstyle.CitationStyleCache.BibDatabaseEntryListener,4,2,0,1,4,0,1,1,4,2
org.jabref.logic.citationstyle.CitationStyleGenerator,7,7,0,1,29,0,1,2,9,5
org.jabref.logic.citationstyle.CitationStyleOutputFormat,6,11,n/a,2,n/a,n/a,1,0.5,4,4
org.jabref.logic.cleanup.CleanupPreferences,5,9,0,4,0,0,1,0.8,5,5
org.jabref.logic.cleanup.CleanupPreset,6,18,0,2,18,0,1,0.38,17,16
org.jabref.logic.cleanup.CleanupPreset.CleanupStep,3,10,n/a,0,n/a,n/a,n/a,0,0,0
org.jabref.logic.cleanup.CleanupWorker,19,10,0,1,34,0,3.75,1.25,27,15
org.jabref.logic.cleanup.Cleanups,21,8,0,1,38,0,2.6,0.6,11,13
org.jabref.logic.cleanup.ConvertToBiblatexCleanup,7,2,0,1,22,0,4,1,6,4
org.jabref.logic.cleanup.ConvertToBibtexCleanup,7,2,0,1,31,0,6,1,6,6
org.jabref.logic.cleanup.DoiCleanup,10,4,0,1,27,0,4,2,9,8
org.jabref.logic.cleanup.FileLinksCleanup,7,2,0,1,11,0,3,1,6,3
org.jabref.logic.cleanup.ISSNCleanup,6,2,0,1,10,0,3,1,7,3
org.jabref.logic.cleanup.MoveFieldCleanup,7,5,0,1,5,0,1,1.5,6,2
org.jabref.logic.cleanup.MoveFilesCleanup,11,9,0,1,57,0,5,3.33,16,15
org.jabref.logic.cleanup.RelativePathsCleanup,8,5,0,1,18,0,3,1.5,10,6
org.jabref.logic.cleanup.RenamePdfCleanup,12,15,0,1,83,0,2.43,2.43,21,17
org.jabref.logic.cleanup.UpgradePdfPsToFileCleanup,8,4,0,1,23,0,2.5,0.5,9,5
org.jabref.logic.exporter.BibDatabaseWriter,34,24,0,2,n/a,1,2.46,2.14,55,32
org.jabref.logic.exporter.BibDatabaseWriter.SaveSessionFactory,n/a,n/a,n/a,n/a,n/a,n/a,n/a,n/a,1,n/a
org.jabref.logic.exporter.BibTeXMLExporter,22,19,1,1,85,0,5.67,2.17,14,34
org.jabref.logic.exporter.BibtexDatabaseWriter,23,32,1,1,85,0,1.7,1.7,25,17
org.jabref.logic.exporter.Exporter,17,9,0,4,n/a,8,1,1.17,7,5
org.jabref.logic.exporter.ExporterFactory,21,7,0,2,42,0,1.6,1.8,16,8
org.jabref.logic.exporter.FileSaveSession,12,25,1,3,24,0,2,1.33,13,12
org.jabref.logic.exporter.GroupSerializer,16,11,0,1,144,0,1.73,1.09,34,19
org.jabref.logic.exporter.MSBibExporter,10,11,1,1,13,0,1.5,2,10,3
org.jabref.logic.exporter.MetaDataSerializer,11,5,0,1,84,0,3.4,1.2,23,17
org.jabref.logic.exporter.ModsExporter,36,35,1,1,189,0,3.14,2.29,55,66
org.jabref.logic.exporter.OOCalcDatabase,9,6,0,1,176,0,1.5,1.75,12,6
org.jabref.logic.exporter.OpenDocumentRepresentation,9,7,0,1,179,0,1.5,1.75,12,6
org.jabref.logic.exporter.OpenDocumentSpreadsheetCreator,7,17,1,1,45,0,1.86,2.43,12,13
org.jabref.logic.exporter.OpenOfficeDocumentCreator,7,17,1,1,34,0,1.71,2.43,12,12
org.jabref.logic.exporter.SaveException,18,16,0,3,14,0,1.09,1.18,12,12
org.jabref.logic.exporter.SavePreferences,18,27,0,1,3,0,1.06,0.82,19,18
org.jabref.logic.exporter.SavePreferences.DatabaseSaveType,5,2,n/a,0,n/a,n/a,n/a,0,0,0
org.jabref.logic.exporter.SaveSession,15,15,0,7,n/a,2,1.12,0.8,11,9
org.jabref.logic.exporter.StringSaveSession,3,21,1,1,10,0,1,1.2,7,5
org.jabref.logic.exporter.TemplateExporter,17,28,1,1,71,0,3.33,3.56,25,30
org.jabref.logic.exporter.VerifyingWriter,8,7,0,1,12,0,2,0.75,4,8
org.jabref.logic.exporter.XmpExporter,7,14,1,1,24,0,2.33,2.67,8,7
org.jabref.logic.exporter.XmpPdfExporter,7,12,1,1,9,0,1.5,2.5,6,3
org.jabref.logic.formatter.Formatters,26,11,0,1,29,0,1.83,0.17,8,11
org.jabref.logic.formatter.IdentityFormatter,3,14,0,5,5,0,1,0.29,10,7
org.jabref.logic.formatter.bibtexfields.ClearFormatter,10,12,0,5,3,0,1,0.2,6,5
org.jabref.logic.formatter.bibtexfields.EscapeUnderscoresFormatter,3,13,0,5,6,0,1,0.2,6,5
org.jabref.logic.formatter.bibtexfields.HtmlToLatexFormatter,9,20,0,5,79,0,3.17,0.5,7,19
org.jabref.logic.formatter.bibtexfields.HtmlToUnicodeFormatter,6,13,0,5,3,0,1,0.2,7,5
org.jabref.logic.formatter.bibtexfields.LatexCleanupFormatter,3,18,0,5,25,0,1,0.2,6,5
org.jabref.logic.formatter.bibtexfields.NormalizeDateFormatter,5,14,0,5,7,0,1,0.29,11,7
org.jabref.logic.formatter.bibtexfields.NormalizeMonthFormatter,6,12,0,5,6,0,1,0.2,7,5
org.jabref.logic.formatter.bibtexfields.NormalizeNamesFormatter,8,12,0,5,5,0,1,0.2,8,5
org.jabref.logic.formatter.bibtexfields.NormalizePagesFormatter,6,18,0,5,17,0,1.43,0.29,11,10
org.jabref.logic.formatter.bibtexfields.OrdinalsToSuperscriptFormatter,4,14,0,5,7,0,1.2,0.2,6,6
org.jabref.logic.formatter.bibtexfields.RegexFormatter,3,25,0,5,28,0,1.43,0.43,8,10
org.jabref.logic.formatter.bibtexfields.RemoveBracesFormatter,6,13,0,5,12,0,2,0.33,7,12
org.jabref.logic.formatter.bibtexfields.RemoveHyphenatedNewlinesFormatter,3,13,0,5,7,0,1,0.2,6,5
org.jabref.logic.formatter.bibtexfields.RemoveNewlinesFormatter,5,13,0,5,7,0,1,0.2,6,5
org.jabref.logic.formatter.bibtexfields.UnicodeToLatexFormatter,7,14,0,5,27,0,2.6,0.2,6,13
org.jabref.logic.formatter.bibtexfields.UnitsToLatexFormatter,6,16,0,5,15,0,1.67,0.17,7,10
org.jabref.logic.formatter.casechanger.CapitalizeFormatter,5,12,0,5,6,0,1,0.2,9,5
org.jabref.logic.formatter.casechanger.LowerCaseFormatter,6,14,0,5,8,0,1,0.29,13,7
org.jabref.logic.formatter.casechanger.ProtectTermsFormatter,9,15,0,5,8,0,1.29,0.57,9,9
org.jabref.logic.formatter.casechanger.SentenceCaseFormatter,7,12,0,5,8,0,1,0.2,10,5
org.jabref.logic.formatter.casechanger.Title,7,6,0,1,21,0,1.4,0.2,6,7
org.jabref.logic.formatter.casechanger.TitleCaseFormatter,6,12,0,5,23,0,1.4,0.2,11,7
org.jabref.logic.formatter.casechanger.TitleParser,3,6,0,1,19,0,2.75,0.75,5,11
org.jabref.logic.formatter.casechanger.UpperCaseFormatter,5,12,0,5,6,0,1,0.2,9,5
org.jabref.logic.formatter.casechanger.Word,9,11,0,3,20,0,2,0.25,8,16
org.jabref.logic.formatter.minifier.MinifyNameListFormatter,4,13,0,5,9,0,1.83,0.33,7,11
org.jabref.logic.groups.DefaultGroupsFactory,8,3,0,1,3,0,1,0,5,2
org.jabref.logic.help.HelpFile,41,47,n/a,1,n/a,n/a,1,0.5,2,2
org.jabref.logic.importer.EntryBasedFetcher,n/a,n/a,n/a,n/a,n/a,n/a,n/a,n/a,1,n/a
org.jabref.logic.importer.EntryBasedParserFetcher,n/a,n/a,n/a,n/a,n/a,n/a,n/a,n/a,6,n/a
org.jabref.logic.importer.FetcherException,38,10,1,0,3,0,1,2,6,3
org.jabref.logic.importer.FetcherResult,2,5,0,2,0,0,1,0.67,3,3
org.jabref.logic.importer.FulltextFetcher,n/a,n/a,n/a,n/a,n/a,n/a,n/a,n/a,2,n/a
org.jabref.logic.importer.FulltextFetchers,14,11,0,1,50,0,1.14,1.29,20,8
org.jabref.logic.importer.IdBasedFetcher,n/a,n/a,n/a,n/a,n/a,n/a,n/a,n/a,1,n/a
org.jabref.logic.importer.IdBasedParserFetcher,n/a,n/a,n/a,n/a,n/a,n/a,n/a,n/a,11,n/a
org.jabref.logic.importer.IdFetcher,n/a,n/a,n/a,n/a,n/a,n/a,n/a,n/a,2,n/a
org.jabref.logic.importer.IdParserFetcher,n/a,n/a,n/a,n/a,n/a,n/a,n/a,n/a,7,n/a
org.jabref.logic.importer.ImportException,4,10,1,0,3,0,1,1.33,4,3
org.jabref.logic.importer.ImportFormatPreferences,33,14,0,2,0,0,1,0.88,8,8
org.jabref.logic.importer.ImportFormatReader,43,11,0,1,29,0,2.25,1.38,35,18
org.jabref.logic.importer.ImportFormatReader.CheckedFunction,n/a,n/a,n/a,n/a,n/a,n/a,n/a,n/a,1,n/a
org.jabref.logic.importer.ImportFormatReader.UnknownFormatImport,6,3,0,0,0,0,1,2,1,1
org.jabref.logic.importer.ImportInspector,n/a,n/a,n/a,n/a,n/a,n/a,n/a,n/a,2,n/a
org.jabref.logic.importer.Importer,30,17,0,4,n/a,21,1.33,0.82,20,16
org.jabref.logic.importer.OpenDatabase,17,5,0,1,33,0,2.75,1.75,21,11
org.jabref.logic.importer.OutputPrinter,n/a,n/a,n/a,n/a,n/a,n/a,n/a,n/a,3,n/a
org.jabref.logic.importer.ParseException,21,3,0,0,3,0,1,1.33,3,3
org.jabref.logic.importer.Parser,n/a,n/a,n/a,n/a,n/a,n/a,n/a,n/a,1,n/a
org.jabref.logic.importer.ParserResult,60,39,0,7,35,0,1.1,0.53,37,33
org.jabref.logic.importer.SearchBasedFetcher,n/a,n/a,n/a,n/a,n/a,n/a,n/a,n/a,1,n/a
org.jabref.logic.importer.SearchBasedParserFetcher,n/a,n/a,n/a,n/a,n/a,n/a,n/a,n/a,7,n/a
org.jabref.logic.importer.WebFetcher,n/a,n/a,n/a,n/a,n/a,n/a,n/a,n/a,2,n/a
org.jabref.logic.importer.WebFetchers,39,9,0,7,47,0,1.67,1,21,15
org.jabref.logic.importer.fetcher.ACS,6,6,0,2,17,0,2,0.5,8,4
org.jabref.logic.importer.fetcher.AbstractIsbnFetcher,12,12,0,3,n/a,3,1.25,0.5,9,5
org.jabref.logic.importer.fetcher.ArXiv,18,27,0,5,60,0,1.88,1.12,32,30
org.jabref.logic.importer.fetcher.ArXiv.ArXivEntry,8,16,0,1,60,0,2,0.33,16,12
org.jabref.logic.importer.fetcher.AstrophysicsDataSystem,21,32,0,4,51,0,1.1,0.7,25,11
org.jabref.logic.importer.fetcher.BibsonomyScraper,6,5,0,1,15,0,1,1,5,2
org.jabref.logic.importer.fetcher.CrossRef,21,37,0,3,93,0,1.91,0.82,41,21
org.jabref.logic.importer.fetcher.DBLPFetcher,13,15,0,5,13,0,1,0.5,13,6
org.jabref.logic.importer.fetcher.DiVA,8,14,0,5,5,0,1,0.5,10,6
org.jabref.logic.importer.fetcher.DoiFetcher,21,12,0,4,16,0,1.17,0.67,17,7
org.jabref.logic.importer.fetcher.DoiResolution,7,5,0,2,36,0,4,0.5,18,8
org.jabref.logic.importer.fetcher.GoogleScholar,15,21,0,3,61,0,2,0.7,33,20
org.jabref.logic.importer.fetcher.GvkFetcher,6,15,0,4,21,0,1.67,0.5,9,10
org.jabref.logic.importer.fetcher.IEEE,7,11,0,2,44,0,5,0.5,5,10
org.jabref.logic.importer.fetcher.IacrEprintFetcher,11,28,0,2,72,0,2,1.25,21,24
org.jabref.logic.importer.fetcher.IsbnFetcher,8,17,1,4,8,0,1.4,0.8,12,7
org.jabref.logic.importer.fetcher.IsbnViaChimboriFetcher,8,17,1,2,21,0,1.8,0.8,18,9
org.jabref.logic.importer.fetcher.IsbnViaEbookDeFetcher,9,17,1,3,11,0,1,0.75,13,4
org.jabref.logic.importer.fetcher.LibraryOfCongress,6,12,0,3,2,0,1,0.5,7,4
org.jabref.logic.importer.fetcher.MathSciNet,16,25,0,5,43,0,1.14,0.71,19,8
org.jabref.logic.importer.fetcher.MedlineFetcher,15,23,0,5,65,0,2.3,0.7,22,23
org.jabref.logic.importer.fetcher.MrDLibFetcher,11,12,0,2,31,0,1.4,1,28,7
org.jabref.logic.importer.fetcher.OpenAccessDoi,6,6,0,3,21,0,1.67,0.67,11,5
org.jabref.logic.importer.fetcher.ScienceDirect,7,8,0,2,44,0,3.33,0.67,25,10
org.jabref.logic.importer.fetcher.SpringerLink,6,8,0,2,24,0,2,0.5,10,4
org.jabref.logic.importer.fetcher.TitleFetcher,10,8,0,3,8,0,1.25,0.5,10,5
org.jabref.logic.importer.fetcher.TrustLevel,11,8,n/a,1,n/a,n/a,1,0.5,2,2
org.jabref.logic.importer.fetcher.ZbMATH,13,13,0,4,11,0,1,0.6,14,5
org.jabref.logic.importer.fileformat.BibTeXMLImporter,11,28,1,5,118,0,4.09,1.27,34,45
org.jabref.logic.importer.fileformat.BiblioscapeImporter,6,19,1,5,208,0,14.6,0.4,8,73
org.jabref.logic.importer.fileformat.BibtexImporter,9,25,1,6,28,0,1.88,0.88,13,15
org.jabref.logic.importer.fileformat.BibtexParser,37,57,0,3,307,0,3.27,0.64,79,144
org.jabref.logic.importer.fileformat.CopacImporter,6,22,1,6,76,0,4.14,0.86,11,29
org.jabref.logic.importer.fileformat.CustomImporter,9,31,1,3,19,0,1.14,0.5,20,16
org.jabref.logic.importer.fileformat.EndnoteImporter,10,26,1,6,113,0,7.62,0.5,15,61
org.jabref.logic.importer.fileformat.EndnoteXmlImporter,15,37,1,7,171,0,1.68,0.74,32,32
org.jabref.logic.importer.fileformat.FreeCiteImporter,12,23,1,5,93,0,3.14,0.57,15,22
org.jabref.logic.importer.fileformat.GvkParser,5,9,0,1,152,0,12.71,1.43,10,89
org.jabref.logic.importer.fileformat.InspecImporter,7,20,1,5,57,0,5,0.4,8,25
org.jabref.logic.importer.fileformat.IsiImporter,9,31,1,7,175,0,6,0.69,18,78
org.jabref.logic.importer.fileformat.MedlineImporter,63,54,1,6,387,0,4.34,1.63,159,152
org.jabref.logic.importer.fileformat.MedlinePlainImporter,9,35,1,6,226,0,5.25,1.62,19,84
org.jabref.logic.importer.fileformat.ModsImporter,40,44,1,5,268,0,3.24,2,52,81
org.jabref.logic.importer.fileformat.MrDLibImporter,8,24,1,4,12,0,1.25,0.5,12,10
org.jabref.logic.importer.fileformat.MrDLibImporter.MrDlibImporterHandler,4,15,0,1,12,0,5,2.5,7,20
org.jabref.logic.importer.fileformat.MrDLibImporter.RankedBibEntry,3,3,0,0,0,0,1,2,1,1
org.jabref.logic.importer.fileformat.MsBibImporter,5,19,1,5,10,0,1,0.4,7,8
org.jabref.logic.importer.fileformat.OvidImporter,8,28,1,5,154,0,7,0.5,9,42
org.jabref.logic.importer.fileformat.PdfContentImporter,17,36,1,7,183,0,5.44,0.62,29,87
org.jabref.logic.importer.fileformat.PdfXmpImporter,9,25,1,8,9,0,1,0.8,14,10
org.jabref.logic.importer.fileformat.RepecNepImporter,8,36,1,6,132,0,3,1,22,45
org.jabref.logic.importer.fileformat.RisImporter,10,21,1,5,196,0,12.67,0.67,11,76
org.jabref.logic.importer.fileformat.SilverPlatterImporter,7,20,1,5,101,0,7,0.4,8,35
org.jabref.logic.importer.util.GroupsParser,22,13,0,1,130,0,2.77,1.69,40,36
org.jabref.logic.importer.util.INSPIREBibtexFilterReader,1,9,0,1,13,0,3.5,0.5,4,14
org.jabref.logic.importer.util.IdentifierParser,8,2,0,1,5,0,3.5,1.5,3,7
org.jabref.logic.importer.util.JSONEntryParser,5,3,0,1,125,0,19.5,1.5,19,39
org.jabref.logic.importer.util.JsonReader,2,2,0,1,4,0,1.5,1,2,3
org.jabref.logic.importer.util.MetaDataParser,11,8,0,1,67,0,4.5,1.5,25,27
org.jabref.logic.importer.util.OAI2Handler,4,12,0,2,48,0,3,1.71,9,21
org.jabref.logic.integrity.ASCIICharacterChecker,5,2,0,1,8,0,3,1,6,3
org.jabref.logic.integrity.AbbreviationChecker,5,4,0,1,6,0,2,1,5,4
org.jabref.logic.integrity.BibStringChecker,7,3,0,1,12,0,5,1,5,5
org.jabref.logic.integrity.BibTeXEntryTypeChecker,6,2,0,1,6,0,2,1,5,2
org.jabref.logic.integrity.BibtexKeyChecker,7,2,0,1,13,0,3,1,7,3
org.jabref.logic.integrity.BibtexKeyDuplicationChecker,8,4,0,1,6,0,1.5,1,6,3
org.jabref.logic.integrity.BibtexkeyDeviationChecker,8,5,0,1,11,0,2,1.5,7,4
org.jabref.logic.integrity.BooktitleChecker,4,2,0,1,7,0,3,1,3,3
org.jabref.logic.integrity.BracesCorrector,0,2,0,1,9,0,4,1,1,4
org.jabref.logic.integrity.BracketChecker,4,2,0,1,9,0,7,1,3,7
org.jabref.logic.integrity.DOIValidityChecker,5,2,0,1,6,0,3,1,4,3
org.jabref.logic.integrity.EditionChecker,5,6,0,1,18,0,2.5,1,5,5
org.jabref.logic.integrity.EntryLinkChecker,8,4,0,1,21,0,4,1,7,8
org.jabref.logic.integrity.FieldChecker,7,5,0,1,8,0,1.5,1.5,5,3
org.jabref.logic.integrity.FieldCheckers,58,5,0,2,32,0,1.75,2.25,22,7
org.jabref.logic.integrity.FileChecker,8,5,0,1,15,0,2.5,1.5,6,5
org.jabref.logic.integrity.HTMLCharacterChecker,7,3,0,1,12,0,4,1,5,4
org.jabref.logic.integrity.HowPublishedChecker,5,5,0,1,11,0,2,1,5,4
org.jabref.logic.integrity.ISBNChecker,5,2,0,1,9,0,4,1,6,4
org.jabref.logic.integrity.ISSNChecker,5,2,0,1,10,0,4,1,6,4
org.jabref.logic.integrity.IntegrityCheck,22,8,0,1,38,0,2.33,2,24,7
org.jabref.logic.integrity.IntegrityCheck.Checker,n/a,n/a,n/a,n/a,n/a,n/a,n/a,n/a,1,n/a
org.jabref.logic.integrity.IntegrityMessage,16,11,0,3,11,0,1.25,0.5,9,10
org.jabref.logic.integrity.JournalInAbbreviationListChecker,6,5,0,1,10,0,2,1.5,6,4
org.jabref.logic.integrity.MonthChecker,5,6,0,1,20,0,2.5,1,5,5
org.jabref.logic.integrity.NoBibtexFieldChecker,9,3,0,1,30,0,1,0.5,5,2
org.jabref.logic.integrity.NoteChecker,5,5,0,1,11,0,2,1,5,4
org.jabref.logic.integrity.PagesChecker,5,6,0,1,12,0,2.5,1,5,5
org.jabref.logic.integrity.PersonNamesChecker,8,4,0,1,23,0,3,1,10,6
org.jabref.logic.integrity.TitleChecker,5,6,0,1,17,0,4,1,5,8
org.jabref.logic.integrity.TypeChecker,6,2,0,1,8,0,3,1,5,3
org.jabref.logic.integrity.UrlChecker,4,2,0,1,6,0,3,1,3,3
org.jabref.logic.integrity.ValidBibtexKeyChecker,4,4,0,1,5,0,1.5,1,4,3
org.jabref.logic.integrity.ValueChecker,n/a,n/a,n/a,n/a,n/a,n/a,n/a,n/a,1,n/a
org.jabref.logic.integrity.YearChecker,4,5,0,1,15,0,4,1,3,4
org.jabref.logic.journals.Abbreviation,11,17,0,1,40,0,1.36,0.5,14,19
org.jabref.logic.journals.AbbreviationParser,4,8,0,1,26,0,1.67,1,7,10
org.jabref.logic.journals.AbbreviationWriter,3,2,0,1,7,0,1.5,1.5,4,3
org.jabref.logic.journals.JournalAbbreviationLoader,26,13,0,1,37,0,1.62,0.75,18,13
org.jabref.logic.journals.JournalAbbreviationPreferences,12,11,0,4,0,0,1,0.86,7,7
org.jabref.logic.journals.JournalAbbreviationRepository,13,15,0,2,39,0,1.15,1,16,15
org.jabref.logic.l10n.EncodingControl,1,3,0,1,7,0,2.5,3,2,5
org.jabref.logic.l10n.Encodings,4,3,0,0,15,0,1,0,1,1
org.jabref.logic.l10n.Languages,3,3,0,1,25,0,2.5,0.5,2,5
org.jabref.logic.l10n.Localization,415,17,0,1,7,0,1.8,1.5,18,18
org.jabref.logic.l10n.Localization.LocalizationBundle,1,6,0,2,7,0,1,0.6,5,5
org.jabref.logic.l10n.LocalizationKey,2,5,0,1,12,0,1,0.25,4,4
org.jabref.logic.l10n.LocalizationKeyParams,2,4,0,1,7,0,2,1,4,4
org.jabref.logic.layout.AbstractParamLayoutFormatter,6,5,0,1,n/a,5,5,0.5,2,10
org.jabref.logic.layout.Layout,16,8,0,2,19,0,4,1.4,11,20
org.jabref.logic.layout.LayoutEntry,78,20,0,1,129,0,12.75,1.5,35,153
org.jabref.logic.layout.LayoutFormatter,n/a,n/a,n/a,n/a,n/a,n/a,n/a,n/a,1,n/a
org.jabref.logic.layout.LayoutFormatterPreferences,22,13,0,5,4,0,1,0.88,8,8
org.jabref.logic.layout.LayoutHelper,10,27,0,2,67,0,5.17,0.42,14,62
org.jabref.logic.layout.ParamLayoutFormatter,n/a,n/a,n/a,n/a,n/a,n/a,n/a,n/a,1,n/a
org.jabref.logic.layout.StringInt,4,3,0,0,0,0,1,2,1,1
org.jabref.logic.layout.format.AuthorAbbreviator,4,2,0,1,2,0,1,1,3,1
org.jabref.logic.layout.format.AuthorAndToSemicolonReplacer,2,2,0,1,1,0,1,1,1,1
org.jabref.logic.layout.format.AuthorAndsCommaReplacer,3,2,0,1,7,0,5,1,1,5
org.jabref.logic.layout.format.AuthorAndsReplacer,3,2,0,1,7,0,6,1,1,6
org.jabref.logic.layout.format.AuthorFirstAbbrLastCommas,3,2,0,1,1,0,1,1,2,1
org.jabref.logic.layout.format.AuthorFirstAbbrLastOxfordCommas,3,2,0,1,1,0,1,1,2,1
org.jabref.logic.layout.format.AuthorFirstFirst,3,2,0,1,1,0,1,1,2,1
org.jabref.logic.layout.format.AuthorFirstFirstCommas,3,2,0,1,1,0,1,1,2,1
org.jabref.logic.layout.format.AuthorFirstLastCommas,3,2,0,1,1,0,1,1,2,1
org.jabref.logic.layout.format.AuthorFirstLastOxfordCommas,3,2,0,1,1,0,1,1,2,1
org.jabref.logic.layout.format.AuthorLF_FF,3,2,0,1,2,0,1,1,3,1
org.jabref.logic.layout.format.AuthorLF_FFAbbr,3,2,0,1,2,0,1,1,3,1
org.jabref.logic.layout.format.AuthorLastFirst,3,2,0,1,1,0,1,1,2,1
org.jabref.logic.layout.format.AuthorLastFirstAbbrCommas,3,2,0,1,1,0,1,1,2,1
org.jabref.logic.layout.format.AuthorLastFirstAbbrOxfordCommas,3,2,0,1,1,0,1,1,2,1
org.jabref.logic.layout.format.AuthorLastFirstAbbreviator,3,2,0,1,1,0,1,1,2,1
org.jabref.logic.layout.format.AuthorLastFirstCommas,3,2,0,1,1,0,1,1,2,1
org.jabref.logic.layout.format.AuthorLastFirstOxfordCommas,3,2,0,1,1,0,1,1,2,1
org.jabref.logic.layout.format.AuthorNatBib,3,2,0,1,1,0,1,1,2,1
org.jabref.logic.layout.format.AuthorOrgSci,4,2,0,1,11,0,3,1,7,3
org.jabref.logic.layout.format.Authors,4,38,1,1,132,0,11.2,1.8,14,56
org.jabref.logic.layout.format.CompositeFormat,2,6,0,1,4,0,1.25,1,5,5
org.jabref.logic.layout.format.CreateBibORDFAuthors,3,3,0,1,17,0,2.5,2,2,5
org.jabref.logic.layout.format.CreateDocBookAuthors,7,4,0,1,46,1,2,2,10,4
org.jabref.logic.layout.format.CreateDocBookEditors,4,4,1,1,3,0,1,1,3,1
org.jabref.logic.layout.format.CurrentDate,2,3,0,1,5,0,2,1,1,2
org.jabref.logic.layout.format.DOICheck,3,2,0,1,5,0,3,1,2,3
org.jabref.logic.layout.format.DOIStrip,3,2,0,1,3,0,2,1,2,2
org.jabref.logic.layout.format.DateFormatter,2,5,0,1,3,0,1,1,2,2
org.jabref.logic.layout.format.Default,2,5,0,1,1,0,1.5,1,2,3
org.jabref.logic.layout.format.EntryTypeFormatter,5,2,0,1,2,0,1,1,5,1
org.jabref.logic.layout.format.FileLink,5,7,0,1,18,0,3.33,1,9,10
org.jabref.logic.layout.format.FileLinkPreferences,4,5,0,2,0,0,1,0.67,3,3
org.jabref.logic.layout.format.FirstPage,3,2,0,1,1,0,3,1,1,3
org.jabref.logic.layout.format.FormatPagesForHTML,2,2,0,1,1,0,1,1,1,1
org.jabref.logic.layout.format.FormatPagesForXML,2,2,0,1,1,0,1,1,1,1
org.jabref.logic.layout.format.GetOpenOfficeType,4,2,0,1,14,0,15,1,1,15
org.jabref.logic.layout.format.HTMLChars,5,4,0,1,64,0,17,1,3,34
org.jabref.logic.layout.format.HTMLParagraphs,2,3,0,1,16,0,5,1,1,5
org.jabref.logic.layout.format.IfPlural,2,7,1,1,6,0,2.5,1,3,5
org.jabref.logic.layout.format.Iso690FormatDate,3,2,0,1,19,0,5,1,1,5
org.jabref.logic.layout.format.Iso690NamesAuthors,3,2,0,1,40,0,10,1,1,10
org.jabref.logic.layout.format.JournalAbbreviator,5,5,0,1,5,0,1,1.5,4,2
org.jabref.logic.layout.format.LastPage,3,2,0,1,1,0,4,1,1,4
org.jabref.logic.layout.format.LatexToUnicodeFormatter,9,13,0,5,3,0,1,0.2,7,5
org.jabref.logic.layout.format.NameFormatter,7,8,0,2,32,0,4,1.6,10,20
org.jabref.logic.layout.format.NameFormatterPreferences,3,5,0,2,0,0,1,0.67,3,3
org.jabref.logic.layout.format.NoSpaceBetweenAbbreviations,2,2,0,1,1,0,1,1,1,1
org.jabref.logic.layout.format.NotFoundFormatter,3,5,0,1,1,0,1,0.67,4,3
org.jabref.logic.layout.format.Number,3,4,0,2,1,0,1,1,2,2
org.jabref.logic.layout.format.Ordinal,2,3,0,1,8,0,7,1,1,7
org.jabref.logic.layout.format.RTFChars,5,6,0,1,63,0,25,1.67,6,75
org.jabref.logic.layout.format.RemoveBrackets,5,2,0,1,4,0,3,1,1,3
org.jabref.logic.layout.format.RemoveBracketsAddComma,2,2,0,1,5,0,4,1,1,4
org.jabref.logic.layout.format.RemoveLatexCommandsFormatter,4,2,0,1,18,0,12,1,1,12
org.jabref.logic.layout.format.RemoveTilde,3,2,0,1,6,0,4,1,1,4
org.jabref.logic.layout.format.RemoveWhitespace,4,2,0,1,6,0,4,1,1,4
org.jabref.logic.layout.format.Replace,2,7,1,1,5,0,2,1,3,4
org.jabref.logic.layout.format.ReplaceUnicodeLigaturesFormatter,5,15,0,5,10,0,1.33,0.17,8,8
org.jabref.logic.layout.format.RisAuthors,5,5,0,1,7,0,2.5,1,3,5
org.jabref.logic.layout.format.RisKeywords,5,2,0,1,7,0,4,1,4,4
org.jabref.logic.layout.format.RisMonth,3,2,0,1,4,0,2,1,2,2
org.jabref.logic.layout.format.ToLowerCase,2,2,0,1,1,0,2,1,1,2
org.jabref.logic.layout.format.ToUpperCase,2,2,0,1,1,0,2,1,1,2
org.jabref.logic.layout.format.WrapContent,2,7,1,1,5,0,3,1,3,6
org.jabref.logic.layout.format.WrapFileLinks,7,20,1,1,0,0,5.8,1,16,29
org.jabref.logic.layout.format.WrapFileLinks.FormatEntry,1,6,0,2,0,0,1,0.5,4,4
org.jabref.logic.layout.format.XMLChars,4,7,0,1,28,0,4.33,1,4,13
org.jabref.logic.logging.JabRefLogger,1,4,0,1,8,0,1,0,8,3
org.jabref.logic.logging.LogMessages,2,7,0,2,5,0,1,0.2,7,5
org.jabref.logic.msbib.BibTeXConverter,8,6,0,1,55,0,3.6,2,14,18
org.jabref.logic.msbib.MSBibConverter,10,5,0,1,98,0,6.33,0.67,16,19
org.jabref.logic.msbib.MSBibDatabase,7,9,0,1,37,0,2.2,0.8,10,11
org.jabref.logic.msbib.MSBibEntry,9,47,0,1,197,0,3.08,1.62,25,40
org.jabref.logic.msbib.MSBibEntryType,1,17,n/a,0,n/a,n/a,n/a,0,0,0
org.jabref.logic.msbib.MSBibMapping,8,10,0,5,88,0,1,0.86,19,7
org.jabref.logic.msbib.MsBibAuthor,5,12,0,3,16,0,1.38,0.38,12,11
org.jabref.logic.msbib.PageNumbers,3,9,0,1,23,0,1.6,0.8,5,8
org.jabref.logic.net.ProgressInputStream,2,16,0,6,13,0,1.08,0.62,13,14
org.jabref.logic.net.ProxyAuthenticator,1,1,0,1,12,0,3,0,1,3
org.jabref.logic.net.ProxyPreferences,4,15,0,6,7,0,3.22,0.78,9,29
org.jabref.logic.net.ProxyRegisterer,3,2,0,1,20,0,2,0.5,8,4
org.jabref.logic.net.URLDownload,22,23,0,1,81,0,1.52,0.61,26,32
org.jabref.logic.net.URLUtil,1,5,0,2,12,0,2.67,0.67,3,8
org.jabref.logic.openoffice.CitationEntry,3,15,0,3,14,0,1.36,1,11,15
org.jabref.logic.openoffice.OOBibStyle,20,102,0,3,286,0,2.88,1.17,54,121
org.jabref.logic.openoffice.OOBibStyle.BibStyleMode,1,6,n/a,0,n/a,n/a,n/a,0,0,0
org.jabref.logic.openoffice.OOPreFormatter,6,4,0,1,59,0,16.5,1,3,33
org.jabref.logic.openoffice.OOUtil,6,17,0,3,94,0,5,3.29,17,35
org.jabref.logic.openoffice.OOUtil.Formatting,1,8,n/a,0,n/a,n/a,n/a,0,0,0
org.jabref.logic.openoffice.OpenOfficeFileSearch,4,5,0,1,46,0,2.8,0.2,5,14
org.jabref.logic.openoffice.OpenOfficePreferences,7,38,0,6,4,0,1,0.95,20,20
org.jabref.logic.openoffice.StyleLoader,6,17,0,1,45,0,2.25,0.62,17,18
org.jabref.logic.openoffice.UndefinedBibtexEntry,4,92,1,1,1,0,1,0.5,3,2
org.jabref.logic.openoffice.UndefinedParagraphFormatException,3,3,0,1,1,0,1,0.5,2,2
org.jabref.logic.pdf.AnnotationImporter,n/a,n/a,n/a,n/a,n/a,n/a,n/a,n/a,1,n/a
org.jabref.logic.pdf.EntryAnnotationImporter,8,4,0,1,14,0,1.33,1,6,4
org.jabref.logic.pdf.FileAnnotationCache,10,7,0,1,17,0,1,1,12,5
org.jabref.logic.pdf.PdfAnnotationImporter,5,6,0,1,66,0,4.25,1.5,25,17
org.jabref.logic.pdf.TextExtractor,1,6,0,1,25,0,1.75,1.25,10,7
org.jabref.logic.preferences.TimestampPreferences,6,13,0,4,3,0,1,0.62,8,8
org.jabref.logic.protectedterms.ProtectedTermsList,7,21,0,2,20,0,1.2,0.93,15,18
org.jabref.logic.protectedterms.ProtectedTermsLoader,12,15,0,1,76,0,2.08,1.33,26,25
org.jabref.logic.protectedterms.ProtectedTermsParser,3,10,0,1,27,0,1.33,1.5,9,8
org.jabref.logic.protectedterms.ProtectedTermsPreferences,2,9,0,4,0,0,1,0.8,5,5
org.jabref.logic.remote.RemotePreferences,5,9,0,3,2,0,1,0.71,7,7
org.jabref.logic.remote.RemoteUtil,1,2,0,1,0,0,1,0.5,2,2
org.jabref.logic.remote.client.RemoteClient,5,7,0,1,19,0,1.25,0.5,10,5
org.jabref.logic.remote.server.MessageHandler,n/a,n/a,n/a,n/a,n/a,n/a,n/a,n/a,1,n/a
org.jabref.logic.remote.server.RemoteListenerServer,5,9,0,1,15,0,2.25,1.25,10,9
org.jabref.logic.remote.server.RemoteListenerServerLifecycle,6,9,0,1,13,0,1.43,0.57,11,10
org.jabref.logic.remote.server.RemoteListenerServerThread,3,5,0,1,7,0,1,0.67,6,3
org.jabref.logic.remote.shared.Protocol,3,10,0,1,17,0,1.2,0.8,5,6
org.jabref.logic.remote.shared.RemoteMessage,3,4,n/a,0,n/a,n/a,n/a,0,0,0
org.jabref.logic.search.DatabaseSearcher,5,5,0,1,13,0,1.5,1,5,3
org.jabref.logic.search.SearchQuery,19,21,0,1,27,0,1.31,0.25,22,21
org.jabref.logic.search.SearchQueryHighlightListener,n/a,n/a,n/a,n/a,n/a,n/a,n/a,n/a,1,n/a
org.jabref.logic.search.SearchQueryHighlightObservable,6,8,0,1,26,0,1.67,1,14,10
org.jabref.logic.shared.DBMSConnection,7,9,0,3,22,0,1.5,0.25,17,6
org.jabref.logic.shared.DBMSConnectionProperties,7,32,0,1,46,0,1.28,0.83,27,23
org.jabref.logic.shared.DBMSProcessor,12,30,0,6,n/a,3,2.04,0.65,43,49
org.jabref.logic.shared.DBMSSynchronizer,31,43,0,1,129,0,2.21,0.79,71,53
org.jabref.logic.shared.MySQLProcessor,2,30,1,2,7,0,1,0.67,4,3
org.jabref.logic.shared.OracleProcessor,7,36,1,2,29,0,1,0.5,14,6
org.jabref.logic.shared.PostgreSQLProcessor,7,36,1,1,48,0,1.14,0.57,25,8
org.jabref.logic.shared.event.ConnectionLostEvent,3,3,0,1,0,0,1,0.5,2,2
org.jabref.logic.shared.event.SharedEntryNotPresentEvent,3,3,0,1,0,0,1,0.5,2,2
org.jabref.logic.shared.event.UpdateRefusedEvent,4,7,0,3,0,0,1,0.75,4,4
org.jabref.logic.shared.exception.InvalidDBMSConnectionPropertiesException,2,1,0,0,1,0,1,0,1,1
org.jabref.logic.shared.exception.NotASharedDatabaseException,1,1,0,0,1,0,1,0,1,1
org.jabref.logic.shared.exception.OfflineLockException,3,5,0,2,1,0,1,0.67,3,3
org.jabref.logic.shared.exception.SharedEntryNotPresentException,1,3,0,1,1,0,1,0.5,2,2
org.jabref.logic.shared.listener.OracleNotificationListener,4,4,0,1,1,0,1,1,3,2
org.jabref.logic.shared.listener.PostgresSQLNotificationListener,3,4,0,1,2,0,1.5,2,3,3
org.jabref.logic.shared.prefs.SharedDatabasePreferences,10,32,0,2,47,0,1,0.48,31,21
org.jabref.logic.shared.security.Password,3,8,0,2,17,0,1,0.75,4,4
org.jabref.logic.specialfields.SpecialFieldsUtils,12,6,0,3,42,0,2.33,3,21,14
org.jabref.logic.undo.AddUndoableActionEvent,3,10,1,0,1,0,1,4,2,1
org.jabref.logic.undo.UndoChangeEvent,3,9,0,4,0,2,1,0.8,5,5
org.jabref.logic.undo.UndoRedoEvent,3,10,1,0,1,0,1,4,2,1
org.jabref.logic.util.BuildInfo,11,21,0,7,19,0,1.11,0.11,10,10
org.jabref.logic.util.FileType,55,61,n/a,2,n/a,n/a,1.17,0.5,7,7
org.jabref.logic.util.JavaVersion,1,8,0,2,12,0,1.83,0.33,6,11
org.jabref.logic.util.MetadataSerializationConfiguration,2,11,0,0,0,0,1,0,1,1
org.jabref.logic.util.OS,48,7,0,0,7,0,1,0,1,1
org.jabref.logic.util.TestEntry,4,2,0,1,15,0,1,0,5,2
org.jabref.logic.util.UpdateField,11,9,0,2,45,0,1.89,3.11,23,17
org.jabref.logic.util.UpdateFieldPreferences,2,15,0,7,0,0,1,0.88,8,8
org.jabref.logic.util.Version,10,26,0,1,79,0,2.6,0.33,20,39
org.jabref.logic.util.Version.DevelopmentStage,1,9,n/a,2,n/a,n/a,2.33,1.33,3,7
org.jabref.logic.util.io.AutoLinkPreferences,3,9,0,4,0,0,1,0.8,5,5
org.jabref.logic.util.io.CiteKeyBasedFileFinder,7,6,0,1,33,0,2.75,2,7,11
org.jabref.logic.util.io.DatabaseFileLookup,5,5,0,2,21,0,1.33,1.33,7,4
org.jabref.logic.util.io.FileBasedLock,5,12,0,1,26,0,1.62,1,8,13
org.jabref.logic.util.io.FileFinder,n/a,n/a,n/a,n/a,n/a,n/a,n/a,n/a,1,n/a
org.jabref.logic.util.io.FileFinders,6,1,0,1,4,0,2,1,7,2
org.jabref.logic.util.io.FileHistory,2,9,0,1,9,0,1.14,0.57,7,8
org.jabref.logic.util.io.FileNameCleaner,1,5,0,1,17,0,2,0.75,4,8
org.jabref.logic.util.io.FileUtil,34,22,0,9,112,0,2.05,1.95,27,39
org.jabref.logic.util.io.RegExpBasedFileFinder,7,13,0,1,64,0,3.14,2.86,9,22
org.jabref.logic.util.io.XMLUtil,3,8,0,4,2,0,1.57,1.43,8,11
org.jabref.logic.util.io.XMLUtil.NodeListWrapper,1,4,0,1,2,0,1,0.67,3,3
org.jabref.logic.util.strings.DiffHighlighting,1,9,0,1,48,0,7.67,2,3,23
org.jabref.logic.util.strings.HTMLUnicodeConversionMaps,5,11,0,1,35,0,5.5,0.5,2,11
org.jabref.logic.util.strings.QuotedStringTokenizer,1,9,0,1,11,0,2.25,1,4,9
org.jabref.logic.util.strings.RtfCharMap,1,4,0,1,189,0,1,1,3,3
org.jabref.logic.util.strings.StringLengthComparator,2,1,0,1,4,0,3,2,1,3
org.jabref.logic.util.strings.StringSimilarity,3,4,0,1,4,0,1,2,4,2
org.jabref.logic.util.strings.UnicodeLigaturesMap,1,1,0,0,47,0,1,0,1,1
org.jabref.logic.util.strings.XmlCharsMap,1,1,0,0,107,0,1,0,1,1
org.jabref.logic.xmp.DocumentInformationExtractor,3,9,0,1,29,0,2.14,0.14,18,15
org.jabref.logic.xmp.DublinCoreExtractor,11,27,0,1,147,0,2.42,0.5,41,58
org.jabref.logic.xmp.EncryptedPdfsNotSupportedException,3,0,0,0,0,0,n/a,0,0,0
org.jabref.logic.xmp.XmpPreferences,12,7,0,3,0,0,1,0.75,4,4
org.jabref.logic.xmp.XmpUtilReader,9,8,0,2,34,0,2.33,1.17,16,14
org.jabref.logic.xmp.XmpUtilShared,7,4,0,2,7,0,1,1,4,3
org.jabref.logic.xmp.XmpUtilWriter,12,13,0,2,89,0,2.64,3.36,31,29
org.jabref.migrations.ConvertLegacyExplicitGroups,10,3,0,1,23,0,4,1,11,8
org.jabref.migrations.CustomEntryTypePreferenceMigration,8,8,0,1,19,0,2,0.67,9,6
org.jabref.migrations.FileLinksUpgradeWarning,23,13,0,1,92,0,4,1.57,38,28
org.jabref.migrations.MergeReviewIntoCommentMigration,6,10,0,1,50,0,1.22,1.33,17,11
org.jabref.migrations.PostOpenMigration,n/a,n/a,n/a,n/a,n/a,n/a,n/a,n/a,1,n/a
org.jabref.migrations.PreferencesMigrations,9,14,0,1,125,0,2.92,0.62,26,38
org.jabref.model.ChainNode,2,11,0,1,n/a,1,1.67,0.67,9,15
org.jabref.model.Defaults,8,3,0,0,0,0,1,0.5,2,2
org.jabref.model.EntryTypes,30,19,0,3,105,0,2,1.35,33,34
org.jabref.model.EntryTypes.InternalEntryTypes,2,11,0,1,24,0,1.5,0.88,9,12
org.jabref.model.FieldChange,43,12,0,4,7,0,2.75,0.62,10,22
org.jabref.model.TreeNode,15,41,0,1,n/a,2,1.86,0.63,38,69
org.jabref.model.auxparser.AuxParser,n/a,n/a,n/a,n/a,n/a,n/a,n/a,n/a,1,n/a
org.jabref.model.auxparser.AuxParserResult,8,21,0,5,4,0,1.07,0.14,17,15
org.jabref.model.bibtexkeypattern.AbstractBibtexKeyPattern,9,15,0,1,n/a,2,1.5,0.69,13,18
org.jabref.model.bibtexkeypattern.DatabaseBibtexKeyPattern,4,17,1,1,1,0,1,1,3,2
org.jabref.model.bibtexkeypattern.GlobalBibtexKeyPattern,13,18,1,2,1,0,1,1,4,3
org.jabref.model.cleanup.CleanupJob,n/a,n/a,n/a,n/a,n/a,n/a,n/a,n/a,1,n/a
org.jabref.model.cleanup.FieldFormatterCleanup,19,13,0,1,26,0,1.9,0.8,19,19
org.jabref.model.cleanup.FieldFormatterCleanups,13,13,0,1,31,0,2.11,0.89,13,19
org.jabref.model.cleanup.Formatter,n/a,n/a,n/a,n/a,n/a,n/a,n/a,n/a,7,n/a
org.jabref.model.database.BibDatabase,143,58,0,4,150,0,1.69,0.88,72,81
org.jabref.model.database.BibDatabaseContext,145,38,0,2,81,0,1.35,1,47,42
org.jabref.model.database.BibDatabaseMode,39,6,n/a,2,n/a,n/a,1.5,0.25,5,6
org.jabref.model.database.BibDatabaseModeDetection,5,2,0,1,6,0,1.5,0.5,4,3
org.jabref.model.database.BibDatabases,6,3,0,2,9,0,1.33,0.67,7,4
org.jabref.model.database.DuplicationChecker,8,9,0,2,28,0,1.75,1,13,14
org.jabref.model.database.KeyChangeListener,7,8,0,1,32,0,2.67,2.5,17,16
org.jabref.model.database.KeyCollisionException,12,4,0,0,4,0,1,1,4,4
org.jabref.model.database.event.AutosaveEvent,2,0,0,0,0,0,n/a,0,0,0
org.jabref.model.database.event.BibDatabaseContextChangedEvent,7,0,0,0,0,3,n/a,0,0,0
org.jabref.model.database.event.ChangePropagation,2,2,n/a,0,n/a,n/a,n/a,0,0,0
org.jabref.model.database.event.CoarseChangeFilter,8,8,0,2,16,0,1.4,0.8,17,7
org.jabref.model.database.event.EntryAddedEvent,12,8,2,0,2,0,1,1.5,4,2
org.jabref.model.database.event.EntryRemovedEvent,11,8,2,0,2,0,1,1.5,4,2
org.jabref.model.database.shared.DBMSType,7,13,n/a,4,n/a,n/a,1,1.33,6,6
org.jabref.model.database.shared.DatabaseConnection,n/a,n/a,n/a,n/a,n/a,n/a,n/a,n/a,2,n/a
org.jabref.model.database.shared.DatabaseConnectionProperties,n/a,n/a,n/a,n/a,n/a,n/a,n/a,n/a,7,n/a
org.jabref.model.database.shared.DatabaseLocation,6,2,n/a,0,n/a,n/a,n/a,0,0,0
org.jabref.model.database.shared.DatabaseNotSupportedException,4,1,0,0,1,0,1,0,1,1
org.jabref.model.database.shared.DatabaseSynchronizer,n/a,n/a,n/a,n/a,n/a,n/a,n/a,n/a,8,n/a
org.jabref.model.entry.Author,19,21,0,3,130,0,3.19,0.69,17,51
org.jabref.model.entry.AuthorList,48,40,0,1,157,0,2.45,1.14,34,71
org.jabref.model.entry.AuthorListParser,2,19,0,1,81,0,15.75,1.5,6,63
org.jabref.model.entry.BibEntry,416,96,0,8,269,1,1.53,0.97,116,118
org.jabref.model.entry.BibEntry.GetFieldInterface,n/a,n/a,n/a,n/a,n/a,n/a,n/a,n/a,1,n/a
org.jabref.model.entry.BiblatexEntryType,3,21,0,3,n/a,34,1,0.44,10,9
org.jabref.model.entry.BiblatexEntryTypes,9,37,0,1,153,0,1,0.5,3,88
org.jabref.model.entry.BibtexEntryType,3,21,0,3,n/a,19,1,0.44,10,9
org.jabref.model.entry.BibtexEntryTypes,13,17,0,1,36,0,1,0.5,3,16
org.jabref.model.entry.BibtexSingleField,6,23,0,4,18,0,1.17,0.61,18,21
org.jabref.model.entry.BibtexSingleField.FieldType,1,4,n/a,0,n/a,n/a,n/a,0,0,0
org.jabref.model.entry.BibtexString,23,22,0,1,26,0,1.31,0.44,18,21
org.jabref.model.entry.BibtexString.Type,2,7,n/a,1,n/a,n/a,3,1,3,6
org.jabref.model.entry.CanonicalBibtexEntry,1,2,0,1,25,0,2.5,0.5,6,5
org.jabref.model.entry.CustomEntryType,12,29,0,1,47,0,1.29,0.93,16,18
org.jabref.model.entry.Date,6,17,0,4,58,0,1.44,0.88,16,23
org.jabref.model.entry.EntryConverter,5,4,0,0,14,0,1,0,1,1
org.jabref.model.entry.EntryLinkList,4,4,0,1,9,0,1.67,1,4,5
org.jabref.model.entry.EntryType,n/a,n/a,n/a,n/a,n/a,n/a,n/a,n/a,10,n/a
org.jabref.model.entry.FieldName,160,135,0,3,17,0,1.17,0.5,7,7
org.jabref.model.entry.FieldProperty,17,26,n/a,0,n/a,n/a,n/a,0,0,0
org.jabref.model.entry.FileFieldParser,7,2,0,1,41,0,7.5,1,6,15
org.jabref.model.entry.FileFieldWriter,8,6,0,4,20,0,1.67,0.83,9,10
org.jabref.model.entry.IEEETranEntryTypes,6,8,0,1,16,0,1,0.5,3,7
org.jabref.model.entry.IdGenerator,8,4,0,1,4,0,1,0,2,2
org.jabref.model.entry.InternalBibtexFields,41,36,0,3,231,0,2.55,0.65,33,51
org.jabref.model.entry.Keyword,13,25,1,3,37,0,1.33,0.67,17,16
org.jabref.model.entry.KeywordList,11,29,0,1,57,0,1.29,0.79,30,36
org.jabref.model.entry.LinkedFile,39,26,0,2,59,0,1.18,0.68,24,26
org.jabref.model.entry.Month,15,26,n/a,3,n/a,n/a,1.9,0.7,13,19
org.jabref.model.entry.ParsedEntryLink,5,11,0,1,9,0,1.25,0.62,10,10
org.jabref.model.entry.SharedBibEntryData,5,7,0,2,0,0,1,0.4,5,5
org.jabref.model.entry.event.EntryChangedEvent,10,8,2,0,2,1,1,1.5,4,2
org.jabref.model.entry.event.EntryEvent,19,6,1,2,n/a,3,1,0.75,4,4
org.jabref.model.entry.event.EntryEventSource,13,4,n/a,0,n/a,n/a,n/a,0,0,0
org.jabref.model.entry.event.FieldAddedOrRemovedEvent,4,22,4,0,1,0,1,2,2,1
org.jabref.model.entry.event.FieldChangedEvent,13,21,3,5,16,1,1.33,1.56,15,12
org.jabref.model.entry.identifier.ArXivIdentifier,4,11,0,3,10,0,1.29,0.43,7,9
org.jabref.model.entry.identifier.DOI,25,21,0,4,30,0,1.3,0.4,10,13
org.jabref.model.entry.identifier.Eprint,4,16,0,3,22,0,1.29,0.29,7,9
org.jabref.model.entry.identifier.ISBN,5,17,0,2,23,0,1.67,0.17,12,20
org.jabref.model.entry.identifier.ISSN,2,8,0,1,13,0,2,0.2,5,10
org.jabref.model.entry.identifier.Identifier,n/a,n/a,n/a,n/a,n/a,n/a,n/a,n/a,3,n/a
org.jabref.model.entry.identifier.MathSciNetId,5,12,0,3,11,0,1.25,0.38,9,10
org.jabref.model.entry.specialfields.SpecialField,17,18,n/a,5,n/a,n/a,2,0.62,11,16
org.jabref.model.entry.specialfields.SpecialFieldValue,8,20,n/a,1,n/a,n/a,1,0.33,3,3
org.jabref.model.groups.AbstractGroup,26,28,0,9,n/a,5,1.5,0.57,22,27
org.jabref.model.groups.AllEntriesGroup,9,34,1,3,7,0,1,0.5,8,6
org.jabref.model.groups.AutomaticGroup,9,33,1,4,n/a,2,1,1,7,4
org.jabref.model.groups.AutomaticKeywordGroup,13,45,2,1,19,0,1.22,0.89,18,11
org.jabref.model.groups.AutomaticPersonsGroup,12,40,2,1,17,0,1.33,0.83,10,8
org.jabref.model.groups.ExplicitGroup,12,61,3,2,29,0,1.25,0.62,15,10
org.jabref.model.groups.GroupEntryChanger,n/a,n/a,n/a,n/a,n/a,n/a,n/a,n/a,4,n/a
org.jabref.model.groups.GroupHierarchyType,17,4,n/a,1,n/a,n/a,2,1,2,2
org.jabref.model.groups.GroupTreeNode,38,67,1,3,84,0,2.04,0.88,41,49
org.jabref.model.groups.KeywordGroup,10,36,1,4,n/a,2,1,1,6,5
org.jabref.model.groups.RegexKeywordGroup,7,43,2,2,21,0,1.5,1.5,10,9
org.jabref.model.groups.SearchGroup,9,39,1,2,30,0,1.22,0.78,17,11
org.jabref.model.groups.TexGroup,10,43,1,2,17,0,1.44,0.78,19,13
org.jabref.model.groups.WordKeywordGroup,14,54,2,2,51,1,2.18,1.55,23,24
org.jabref.model.groups.event.GroupUpdatedEvent,2,3,1,1,0,0,1,0.5,2,2
org.jabref.model.metadata.ContentSelector,5,8,0,2,8,0,1.33,0.83,6,8
org.jabref.model.metadata.ContentSelectors,4,10,0,2,21,0,1.89,0.67,12,17
org.jabref.model.metadata.FileDirectoryPreferences,21,9,0,3,7,0,1.2,0.8,5,6
org.jabref.model.metadata.MetaData,55,70,0,3,81,0,1.14,0.6,57,48
org.jabref.model.metadata.SaveOrderConfig,8,15,0,2,38,0,1.73,0.64,13,19
org.jabref.model.metadata.SaveOrderConfig.SortCriterion,4,8,0,0,13,0,1.33,0.83,6,8
org.jabref.model.metadata.event.MetaDataChangedEvent,3,3,1,1,0,0,1,0.5,2,2
org.jabref.model.pdf.FileAnnotation,7,27,0,9,46,0,1.5,0.94,20,24
org.jabref.model.pdf.FileAnnotationType,3,21,n/a,2,n/a,n/a,1,0.8,7,5
org.jabref.model.search.GroupSearchQuery,5,15,0,1,9,0,1.2,0.4,12,12
org.jabref.model.search.SearchMatcher,n/a,n/a,n/a,n/a,n/a,n/a,n/a,n/a,1,n/a
org.jabref.model.search.matchers.AndMatcher,3,7,1,1,3,0,1,1,1,1
org.jabref.model.search.matchers.MatcherSet,6,6,0,1,n/a,2,1.5,0.5,4,6
org.jabref.model.search.matchers.MatcherSets,6,1,0,1,0,0,2,1,1,2
org.jabref.model.search.matchers.MatcherSets.MatcherType,3,2,n/a,0,n/a,n/a,n/a,0,0,0
org.jabref.model.search.matchers.NotMatcher,2,4,0,1,2,0,1,1,3,2
org.jabref.model.search.matchers.OrMatcher,3,7,1,1,3,0,1,1,1,1
org.jabref.model.search.rules.ContainBasedSearchRule,7,7,0,2,12,0,2.5,1,8,10
org.jabref.model.search.rules.GrammarBasedSearchRule,10,16,0,1,26,0,1.11,1,20,10
org.jabref.model.search.rules.GrammarBasedSearchRule.BibtexSearchVisitor,12,36,2,5,26,0,1.43,1.57,18,10
org.jabref.model.search.rules.GrammarBasedSearchRule.Comparator,5,7,0,1,31,18,4,1.75,9,16
org.jabref.model.search.rules.GrammarBasedSearchRule.ComparisonOperator,3,4,n/a,1,n/a,n/a,3,1,1,3
org.jabref.model.search.rules.GrammarBasedSearchRule.ThrowingErrorListener,1,11,1,1,0,0,1,6,2,1
org.jabref.model.search.rules.RegexBasedSearchRule,4,7,0,1,10,0,2.5,1,7,10
org.jabref.model.search.rules.SearchRule,n/a,n/a,n/a,n/a,n/a,n/a,n/a,n/a,2,n/a
org.jabref.model.search.rules.SearchRules,6,5,0,1,6,0,1.75,1.5,8,7
org.jabref.model.search.rules.SentenceAnalyzer,3,5,0,1,12,0,4.5,0.5,2,9
org.jabref.model.strings.LatexToUnicodeAdapter,2,4,0,1,9,0,1,1,1,1
org.jabref.model.strings.StringUtil,95,42,0,28,169,0,2.87,1.53,43,109
org.jabref.model.strings.UnicodeToReadableCharMap,1,1,0,0,228,0,1,0,1,1
org.jabref.model.util.DummyFileUpdateMonitor,12,4,0,2,0,0,1,2,2,2
org.jabref.model.util.FileHelper,17,6,0,3,34,0,2.83,1.83,8,17
org.jabref.model.util.FileUpdateListener,n/a,n/a,n/a,n/a,n/a,n/a,n/a,n/a,1,n/a
org.jabref.model.util.FileUpdateMonitor,n/a,n/a,n/a,n/a,n/a,n/a,n/a,n/a,2,n/a
org.jabref.model.util.OptionalUtil,11,7,0,5,30,0,1.43,1.71,7,10
org.jabref.model.util.TreeCollector,2,11,0,5,23,0,1.62,0.75,8,13
org.jabref.pdfimport.ImportDialog,9,29,1,3,118,0,2.2,0.33,24,22
org.jabref.pdfimport.PdfFileFilter,1,3,0,1,8,0,1.33,1,3,4
org.jabref.pdfimport.PdfImporter,32,12,0,1,0,0,4.14,1.57,63,29
org.jabref.pdfimport.PdfImporter.ImportPdfFilesResult,4,5,0,2,0,0,1,0.67,3,3
org.jabref.preferences.CustomExportList,9,17,0,2,57,0,1.6,2.1,21,16
org.jabref.preferences.CustomImportList,6,8,0,2,25,0,1.67,0.5,11,10
org.jabref.preferences.ExportComparator,1,1,0,1,3,0,1,2,1,1
org.jabref.preferences.JabRefPreferences,246,395,0,4,761,0,1.52,0.61,200,152
org.jabref.preferences.JabRefPreferencesFilter,4,4,0,1,13,0,1,0.33,5,3
org.jabref.preferences.JabRefPreferencesFilter.PreferenceOption,4,14,0,4,13,0,1.3,0.5,10,13
org.jabref.preferences.JabRefPreferencesFilter.PreferenceType,1,3,n/a,0,n/a,n/a,n/a,0,0,0
org.jabref.preferences.LastFocusedTabPreferences,2,4,0,1,6,0,1.67,1,5,5
org.jabref.preferences.PreferencesService,n/a,n/a,n/a,n/a,n/a,n/a,n/a,n/a,4,n/a
org.jabref.preferences.PreviewPreferences,9,14,0,7,9,0,1,0.75,9,8
org.jabref.preferences.PreviewPreferences.Builder,3,13,0,1,9,0,1.14,0.86,14,8
org.jabref.preferences.SearchPreferences,6,27,0,1,31,0,1,0.56,25,18
org.jabref.preferences.VersionPreferences,4,3,0,1,0,0,1,0.5,2,2
osx.macadapter.MacAdapter,1,12,0,1,20,0,2,1.17,20,12
